-- phpMyAdmin SQL Dump
-- version 4.8.1
-- https://www.phpmyadmin.net/
--
-- Host: 127.0.0.1
-- Generation Time: Jun 20, 2018 at 04:47 AM
-- Server version: 10.1.33-MariaDB
-- PHP Version: 7.2.6

SET SQL_MODE = "NO_AUTO_VALUE_ON_ZERO";
SET AUTOCOMMIT = 0;
START TRANSACTION;
SET time_zone = "+00:00";


/*!40101 SET @OLD_CHARACTER_SET_CLIENT=@@CHARACTER_SET_CLIENT */;
/*!40101 SET @OLD_CHARACTER_SET_RESULTS=@@CHARACTER_SET_RESULTS */;
/*!40101 SET @OLD_COLLATION_CONNECTION=@@COLLATION_CONNECTION */;
/*!40101 SET NAMES utf8mb4 */;

--
-- Database: `egyapi`
--

-- --------------------------------------------------------

--
-- Table structure for table `apikeys`
--

CREATE TABLE `apikeys` (
  `id` int(11) NOT NULL,
  `user_id` int(10) UNSIGNED DEFAULT NULL,
  `rkey` varchar(64) COLLATE utf8_bin DEFAULT NULL,
  `requests_number` varchar(4) COLLATE utf8_bin DEFAULT NULL,
  `created_at` datetime DEFAULT NULL,
  `updated_at` datetime DEFAULT NULL,
  `created_by` varchar(64) COLLATE utf8_bin DEFAULT NULL,
  `updated_by` varchar(64) COLLATE utf8_bin DEFAULT NULL
) ENGINE=InnoDB DEFAULT CHARSET=utf8 COLLATE=utf8_bin;

--
-- Dumping data for table `apikeys`
--

INSERT INTO `apikeys` (`id`, `user_id`, `rkey`, `requests_number`, `created_at`, `updated_at`, `created_by`, `updated_by`) VALUES
(1, 1, NULL, '52', '2018-06-20 00:23:40', '2018-06-20 02:45:30', 'Ibrahim', NULL);

-- --------------------------------------------------------

--
-- Table structure for table `authors`
--

CREATE TABLE `authors` (
  `id` int(11) NOT NULL,
  `name` varchar(100) COLLATE utf8_bin DEFAULT NULL,
  `description` text COLLATE utf8_bin NOT NULL,
  `address` varchar(255) COLLATE utf8_bin DEFAULT NULL,
  `site_url` varchar(255) COLLATE utf8_bin DEFAULT NULL,
  `phone_number` varchar(32) COLLATE utf8_bin DEFAULT NULL,
  `birth_day` date DEFAULT NULL,
  `created_at` datetime DEFAULT NULL,
  `updated_at` datetime DEFAULT NULL,
  `created_by` varchar(100) COLLATE utf8_bin DEFAULT NULL,
  `updated_by` varchar(100) COLLATE utf8_bin DEFAULT NULL
) ENGINE=InnoDB DEFAULT CHARSET=utf8 COLLATE=utf8_bin;

--
-- Dumping data for table `authors`
--

INSERT INTO `authors` (`id`, `name`, `description`, `address`, `site_url`, `phone_number`, `birth_day`, `created_at`, `updated_at`, `created_by`, `updated_by`) VALUES
(1, 'Bette Kerluke', 'Fugiat dolor sed occaecati ipsa. Possimus non est dolorem illum rerum at. Optio architecto atque occaecati eos assumenda exercitationem. Qui voluptatem a quae quod asperiores eos mollitia.', '49659 Ritchie Tunnel Apt. 993\nPort Clovisland, MA 92958', 'http://carter.org/', '1-752-883-3044', '1995-02-11', '2018-06-20 00:13:21', '2018-06-20 00:13:21', 'egydev', NULL),
(2, 'Brian Lind', 'Suscipit exercitationem aut labore id eos accusamus et. Magni voluptatem et libero facilis eligendi corporis.', '229 Christina Fords Apt. 353\nWest Fritz, KY 17487-6239', 'http://hackett.com/id-velit-molestiae-aliquam-quis-est-facere', '+1.894.814.3191', '2010-09-02', '2018-06-20 00:13:21', '2018-06-20 00:13:21', 'egydev', NULL),
(3, 'Dr. Jalen O\'Keefe', 'Adipisci accusamus dicta nemo nisi eum sit sunt et. Est modi minima consequatur ut unde. Omnis voluptatem doloribus esse corporis. Voluptates et possimus repellat a eligendi.', '4859 Gutmann Forks\nLake Tyreseland, MS 47192-7723', 'http://blanda.com/', '1-472-642-6941 x0845', '1977-06-05', '2018-06-20 00:13:21', '2018-06-20 00:13:21', 'egydev', NULL),
(4, 'Chanelle Graham', 'Aut rerum deserunt alias non eius et aperiam sapiente.', '1066 Ericka Pass Suite 750\nO\'Connerview, IN 69269-3928', 'https://www.cole.com/deserunt-animi-ut-repellendus-atque-sapiente-voluptatum-occaecati', '(526) 359-5551', '1971-04-25', '2018-06-20 00:13:21', '2018-06-20 00:13:21', 'egydev', NULL),
(5, 'Dr. Jennings Hirthe IV', 'Quis molestiae velit et culpa quidem ducimus. Dolor deserunt asperiores commodi. Omnis et ut iusto praesentium ea explicabo similique.', '9594 Skiles Falls Apt. 073\nLake Esmeraldaside, IN 24219-1239', 'http://johnson.biz/veniam-est-maiores-quis-quia-ut.html', '621-743-4467', '2004-04-25', '2018-06-20 00:13:22', '2018-06-20 00:13:22', 'egydev', NULL),
(6, 'Dr. Geovany Carter', 'Est ea exercitationem quasi. Iusto qui corporis ut nemo ut voluptatem. Assumenda enim aut et et iure corrupti. Minima id a tenetur numquam porro natus quisquam.', '503 Turcotte Village\nO\'Connerton, FL 62179', 'http://www.schultz.org/qui-reprehenderit-aut-ut-aut', '397.727.2330', '1990-08-12', '2018-06-20 00:13:22', '2018-06-20 00:13:22', 'egydev', NULL),
(7, 'Prof. Ocie Brakus IV', 'Voluptatum qui ut et. Nam voluptas quia architecto eligendi quia. Itaque labore minus aut quia nihil. Maiores pariatur rem ea voluptatibus eos ut.', '743 Brittany Ports\nSouth Ansel, ME 80558-7960', 'http://www.swaniawski.info/voluptatem-et-hic-et-et-iure.html', '675.936.7188 x316', '1992-11-04', '2018-06-20 00:13:22', '2018-06-20 00:13:22', 'egydev', NULL),
(8, 'Prof. Harold Dicki', 'Atque eligendi laboriosam accusamus ut et incidunt. Impedit deleniti voluptatibus beatae. Ut iure dignissimos aut. Autem nesciunt cumque error expedita eligendi.', '9151 Bridgette Ramp Apt. 942\nNorth Lavina, OH 38797-1854', 'http://green.org/ut-dignissimos-quae-quia-beatae-exercitationem.html', '(240) 787-8567', '1972-09-01', '2018-06-20 00:13:22', '2018-06-20 00:13:22', 'egydev', NULL),
(9, 'Sydnie Mante', 'Ut soluta enim consequatur eaque eveniet. Laboriosam facilis corporis cumque. Eos voluptatum tempora quis amet aliquam nostrum amet.', '882 Howell Squares\nLeopoldoborough, HI 63023', 'https://www.oreilly.com/voluptatibus-quod-impedit-quisquam-rerum-voluptatem-ut-aut', '(859) 721-4626 x6084', '1985-02-12', '2018-06-20 00:13:22', '2018-06-20 00:13:22', 'egydev', NULL),
(10, 'Elise Aufderhar', 'Et inventore sint ut necessitatibus. Sit rerum cupiditate libero esse et qui iure.', '662 Jacobs Lock\nTwilaton, MI 51537', 'http://www.grady.info/error-eveniet-magnam-impedit-sed-nulla-esse-optio-impedit', '881-625-6864 x519', '1977-04-20', '2018-06-20 00:13:22', '2018-06-20 00:13:22', 'egydev', NULL),
(11, 'Chaz Welch', 'Assumenda modi ratione est asperiores. Rerum blanditiis quis est eum. Eum tenetur incidunt ea et sint. Quae eum quaerat unde dolor temporibus.', '75309 Sebastian Knolls Apt. 833\nFrederickhaven, WV 93261-6303', 'http://marks.com/mollitia-ex-sint-quidem-a-saepe-commodi-minus', '427-481-7727 x5604', '2008-03-29', '2018-06-20 00:13:22', '2018-06-20 00:13:22', 'egydev', NULL),
(12, 'Dr. Edward O\'Hara', 'Cumque ipsam officia fugiat sit hic nulla et praesentium. Aperiam quae odio autem aspernatur culpa occaecati. Expedita omnis ea qui dolor. Nihil ea odit velit saepe recusandae. Debitis soluta rerum velit rem debitis. Voluptatum pariatur et at eveniet.', '254 Karlie Ferry Apt. 185\nNew Gussie, DC 80596-0779', 'http://marvin.com/laudantium-veritatis-id-quis-velit-odio-et-quas-ut', '932.633.8470 x9346', '1971-05-22', '2018-06-20 00:13:22', '2018-06-20 00:13:22', 'egydev', NULL),
(13, 'Noelia Runte IV', 'Quas enim sint voluptates quidem. Mollitia id dolor et ab cumque. Esse occaecati veritatis et autem illum. Explicabo non saepe perspiciatis sunt velit. Quisquam ullam facilis minus et provident et. Blanditiis eveniet doloribus velit voluptates.', '991 Noemy Place Suite 390\nMuellerside, NH 99075', 'http://prohaska.biz/', '819-699-2739', '1986-07-23', '2018-06-20 00:13:22', '2018-06-20 00:13:22', 'egydev', NULL),
(14, 'Beverly Von', 'Dolorem harum ullam animi quis possimus. Nihil facilis ut illum nemo doloremque. Quisquam sit eaque et veritatis minima. Saepe sit molestiae numquam. Consequatur nesciunt cumque ullam dolorem. Accusamus fugiat tempora quia.', '34191 Stark Field Apt. 265\nNew Pabloton, ME 91205-4616', 'http://www.predovic.com/', '(490) 290-9144', '2015-08-08', '2018-06-20 00:13:23', '2018-06-20 00:13:23', 'egydev', NULL),
(15, 'Rebekah Borer', 'Voluptate repellendus similique eaque fuga eum illo provident.', '1013 Joany Valleys Apt. 522\nNew Pat, VA 89704-4153', 'http://www.parker.net/', '+1-580-495-5378', '2007-11-22', '2018-06-20 00:13:23', '2018-06-20 00:13:23', 'egydev', NULL),
(16, 'Emerald Leannon', 'Cum ut error illo suscipit dolore qui. Sit repudiandae illo consectetur eum quidem ut itaque.', '74698 Dax Isle\nDonstad, TN 72317', 'https://www.leannon.com/et-ut-ullam-at-et-provident-sit-nesciunt-dolor', '(721) 583-1364 x66903', '2007-09-16', '2018-06-20 00:13:23', '2018-06-20 00:13:23', 'egydev', NULL),
(17, 'Kirsten Christiansen IV', 'Maxime a ipsam maiores quis debitis saepe. Sit similique architecto eveniet in qui aliquid in odio. Quam aspernatur nihil praesentium at velit enim vero quasi.', '17475 Ryan Well Suite 863\nPort Macyfort, HI 62573', 'http://www.mueller.com/eum-explicabo-cumque-est-eum-fugiat-sunt', '440.809.8805', '1988-03-20', '2018-06-20 00:13:23', '2018-06-20 00:13:23', 'egydev', NULL),
(18, 'Dario Simonis', 'In qui adipisci et molestiae ut occaecati. Optio et quo repudiandae non id veniam. Ea totam esse quis exercitationem velit non.', '333 Aufderhar Divide\nEast Lonnieville, AZ 66094', 'http://www.hauck.net/', '1-206-371-7073', '1983-05-26', '2018-06-20 00:13:23', '2018-06-20 00:13:23', 'egydev', NULL),
(19, 'Maxie Sporer', 'Unde sunt autem enim rerum culpa. Tempore est assumenda sed et aliquid voluptas ea.', '672 Durward Squares\nEverardoton, HI 18411-8924', 'https://www.feeney.com/ea-est-assumenda-ea-quis-minus', '730.633.5761', '2010-07-04', '2018-06-20 00:13:23', '2018-06-20 00:13:23', 'egydev', NULL),
(20, 'Ruth Tromp', 'Voluptate dolorem sapiente ut corrupti qui quasi quia. Neque voluptatum voluptas omnis enim. Voluptatem autem placeat quo quae accusamus et. Ad rerum enim in numquam. Expedita consequatur nobis voluptates velit laudantium quaerat sint. Libero ipsa sequi asperiores voluptatem accusantium.', '7739 Dietrich Tunnel Suite 852\nGissellefort, SC 67289', 'http://www.hodkiewicz.com/dignissimos-est-quam-pariatur', '1-669-527-0790 x580', '2007-09-11', '2018-06-20 00:13:23', '2018-06-20 00:13:23', 'egydev', NULL),
(21, 'Andres Eichmann', 'Qui dolores consequuntur optio molestiae aut laboriosam aut praesentium. Inventore distinctio in autem commodi aut voluptate aut.', '937 Eleanore Island\nSpinkamouth, FL 49666-9316', 'http://miller.biz/numquam-unde-atque-iure-incidunt-ex-explicabo.html', '(935) 986-2736', '2002-09-20', '2018-06-20 00:13:23', '2018-06-20 00:13:23', 'egydev', NULL),
(22, 'Ms. Adeline Bogan V', 'Provident qui omnis optio aperiam sed et.', '80586 Bradtke Ranch Suite 395\nWest Taryn, WI 25471', 'http://mccullough.com/', '(858) 882-2227 x63666', '1987-10-15', '2018-06-20 00:13:23', '2018-06-20 00:13:23', 'egydev', NULL),
(23, 'Gregorio Schulist V', 'Ut qui odio iure repudiandae hic et. Voluptas optio ex qui enim distinctio rerum.', '3893 Royce Alley Suite 510\nKoelpinbury, IA 75849', 'http://www.bergnaum.com/', '(250) 486-9183 x633', '2005-09-03', '2018-06-20 00:13:23', '2018-06-20 00:13:23', 'egydev', NULL),
(24, 'Dr. Dillon Bogan III', 'Illum quisquam non impedit. Soluta enim ut id molestiae ipsam eaque dignissimos vel.', '8891 Jakayla Tunnel Suite 252\nRomabury, WV 37905', 'http://balistreri.info/numquam-officia-consequuntur-officia-velit.html', '+1-720-598-0142', '1986-07-19', '2018-06-20 00:13:24', '2018-06-20 00:13:24', 'egydev', NULL),
(25, 'Cassidy Wilderman', 'Sunt et molestiae perferendis blanditiis sint molestias at. Recusandae voluptate itaque voluptates quia magni unde molestiae. In explicabo dolorum sapiente cupiditate commodi quia.', '54685 Schaden Ville\nHayesfort, AK 76005', 'http://www.marquardt.com/', '1-872-949-8105', '1984-02-09', '2018-06-20 00:13:24', '2018-06-20 00:13:24', 'egydev', NULL),
(26, 'Johnpaul Schimmel', 'Sunt placeat libero non et quas. Id delectus incidunt repudiandae possimus autem suscipit. Veniam quaerat alias rem ab iure amet velit et. Quia qui et id omnis quos id.', '1666 Zemlak Corner\nNorth Davonshire, IL 10354-8471', 'https://www.dibbert.org/culpa-totam-voluptatem-deleniti-eaque', '623.613.7486', '1998-10-23', '2018-06-20 00:13:24', '2018-06-20 00:13:24', 'egydev', NULL),
(27, 'Luis Willms', 'Assumenda et expedita qui sint fugiat vitae. A repellat distinctio et et et alias. Sed ipsum nam velit quas rem magni aut blanditiis. Temporibus cupiditate ipsum harum.', '44571 Weimann Grove Suite 699\nNorth Simeon, NC 00233-3719', 'http://www.stark.org/amet-sed-aut-cupiditate-accusantium-ipsam-aut-quisquam', '1-609-748-9322', '1998-07-23', '2018-06-20 00:13:24', '2018-06-20 00:13:24', 'egydev', NULL),
(28, 'Shayne Beahan DDS', 'Voluptas sapiente amet voluptas blanditiis sed. Reiciendis tenetur alias animi quia. Autem et nostrum rerum cupiditate. Vitae animi aut excepturi omnis dolor qui. Eveniet dolor voluptatibus dolores molestiae ipsam.', '291 Johns Crossroad\nElijahborough, NE 12859-9522', 'http://www.gottlieb.biz/', '+1-948-383-6466', '1988-04-29', '2018-06-20 00:13:24', '2018-06-20 00:13:24', 'egydev', NULL),
(29, 'Mrs. Myrna Doyle', 'Ut sit sed consequatur dignissimos ea facilis minus et. Consectetur nesciunt nostrum tempore illo. Voluptatem beatae quisquam et. Amet et quo tenetur dolores tempora ut. Corrupti labore quaerat voluptatem sunt omnis sit corporis.', '674 Schuppe Motorway Apt. 359\nNorth Janeberg, VT 05311', 'https://www.howell.biz/deleniti-ut-facere-aut-iste-amet-nesciunt-quo', '+1-812-966-7855', '1992-03-06', '2018-06-20 00:13:24', '2018-06-20 00:13:24', 'egydev', NULL),
(30, 'Timmy Wintheiser Jr.', 'Aut pariatur modi voluptas distinctio. Aliquid occaecati quos molestiae sapiente voluptas. Tempora quasi iure corrupti omnis inventore ad aut.', '10523 Hermiston Path Apt. 433\nSouth Lucienne, MN 95898-7141', 'https://bogan.com/vel-sit-tempora-et-placeat-corrupti.html', '+19836731687', '1973-06-20', '2018-06-20 00:13:24', '2018-06-20 00:13:24', 'egydev', NULL),
(31, 'Winifred Beatty III', 'Et ut distinctio ipsum deserunt animi. Sit fugit sit fuga tempore beatae. Et placeat porro et sit. Delectus sed atque voluptatem dolorem explicabo aut.', '155 Erik Rapid Suite 861\nKonopelskiport, TN 68828', 'https://www.labadie.com/quisquam-eos-ut-beatae-qui', '+16038445304', '1971-12-13', '2018-06-20 00:13:24', '2018-06-20 00:13:24', 'egydev', NULL),
(32, 'Dean Robel', 'Aperiam iure et incidunt quia et est voluptas. Aut quo accusantium consequuntur totam et eveniet nobis. Beatae fuga cum rerum voluptatum. Vitae dolores et iusto veritatis ea. Veniam id quasi et ab veritatis. Quia quis sit sed possimus ea. Ex quasi commodi non neque quis deleniti nisi beatae.', '9549 Norma Causeway\nBeattyberg, NV 55020', 'https://www.zulauf.net/nobis-aut-in-et-autem-ducimus', '(941) 632-0922 x3289', '2014-06-11', '2018-06-20 00:13:24', '2018-06-20 00:13:24', 'egydev', NULL),
(33, 'Albertha Leannon', 'Earum vel excepturi repellat sequi consequatur voluptatem est. Omnis velit at quod aliquam error. Qui quibusdam in optio placeat eos aut iste numquam. Assumenda ratione vel quos molestiae rem ut omnis a.', '9782 Schaefer Hollow\nMcCulloughville, CO 09225-8182', 'http://halvorson.org/', '(329) 907-4446', '1997-10-26', '2018-06-20 00:13:24', '2018-06-20 00:13:24', 'egydev', NULL),
(34, 'Micaela Bahringer I', 'Nemo voluptatem sit et consectetur dolorum voluptatum ea et. Est et eius distinctio praesentium sapiente itaque. Rerum adipisci labore adipisci dolores id non voluptatem. Error dolor explicabo et vel est sint minus aut. Nihil ea ratione autem officiis fugit aut natus voluptas. Velit animi ipsa similique ut et.', '5695 Joseph Hollow Apt. 343\nMariamborough, LA 15816-8524', 'https://www.altenwerth.biz/tenetur-temporibus-recusandae-saepe-fuga-molestiae-suscipit', '(825) 823-8926', '2011-09-03', '2018-06-20 00:13:24', '2018-06-20 00:13:24', 'egydev', NULL),
(35, 'May Kilback I', 'Exercitationem commodi et ratione debitis ratione cumque. Qui soluta expedita ad animi accusantium non reiciendis. Natus sit labore tempora nostrum dolore omnis.', '8887 Rowena Circles Apt. 276\nRaubury, FL 08234', 'http://www.sipes.info/autem-doloremque-et-cupiditate-eos-quaerat-rerum-sit.html', '905-954-2267 x57164', '1993-07-28', '2018-06-20 00:13:24', '2018-06-20 00:13:24', 'egydev', NULL),
(36, 'Niko Goodwin', 'Et vel quo consequuntur minus consectetur autem recusandae.', '9575 Fadel Underpass\nWest Liam, MN 45161-9633', 'http://corwin.com/illum-nulla-sed-ut-earum-ratione-voluptatibus.html', '587.358.7254 x3367', '1972-02-08', '2018-06-20 00:13:25', '2018-06-20 00:13:25', 'egydev', NULL),
(37, 'David Grimes', 'Ipsum labore molestias incidunt ut qui et. Nobis repellendus nisi minima eveniet aperiam est natus.', '68352 Ariel Spur\nGaylordmouth, MD 64984-3788', 'http://www.rice.org/esse-et-aperiam-optio-qui-dolor.html', '1-984-661-4275', '2017-03-15', '2018-06-20 00:13:25', '2018-06-20 00:13:25', 'egydev', NULL),
(38, 'Ally Schoen', 'Qui reprehenderit ut voluptatem repellat. Iusto nisi quo placeat aut. Voluptatum eius fugiat quibusdam eum dolor vel autem dolor.', '36161 Yost Oval\nJonesmouth, WY 42397-7647', 'http://www.wisoky.com/repellat-assumenda-quia-sunt-odit-quia.html', '(486) 719-8319', '2012-08-18', '2018-06-20 00:13:25', '2018-06-20 00:13:25', 'egydev', NULL),
(39, 'Lourdes Ernser', 'Et inventore quaerat nisi explicabo hic tempore. Amet impedit blanditiis debitis dolorem quia.', '43448 Elmore Expressway Apt. 443\nEast Juwanview, LA 82492-8033', 'https://harvey.com/aut-inventore-quod-nobis-unde-accusantium.html', '1-910-822-0945', '2005-12-24', '2018-06-20 00:13:25', '2018-06-20 00:13:25', 'egydev', NULL),
(40, 'Maiya Dibbert', 'Omnis adipisci ab vel delectus.', '2784 Magdalen Drive\nTrystanview, MI 09503', 'http://collins.com/ad-aut-quae-blanditiis.html', '(626) 769-0766 x35236', '1977-09-27', '2018-06-20 00:13:25', '2018-06-20 00:13:25', 'egydev', NULL),
(41, 'Dr. Jettie Langworth MD', 'Fugiat doloremque itaque debitis soluta. Expedita saepe veritatis dolorum quae eius magni.', '5210 Felton Manors\nBuckridgeside, GA 24495', 'http://greenfelder.info/eligendi-tempora-aut-eaque.html', '+1-534-649-7856', '2002-01-20', '2018-06-20 00:13:25', '2018-06-20 00:13:25', 'egydev', NULL),
(42, 'Reina Parker Sr.', 'Eum incidunt aut et et fuga quo. Autem eum corrupti voluptatibus vitae. Quidem magni dolor commodi sed ea iure tenetur. Aut facilis ratione rem vero. Ullam dolorum illo quia est reprehenderit iste.', '6583 Jesus Lakes\nSouth Zetta, ME 32785', 'http://corwin.net/quia-cumque-neque-voluptatem', '(980) 356-4404', '1991-06-11', '2018-06-20 00:13:25', '2018-06-20 00:13:25', 'egydev', NULL),
(43, 'Kenyatta Bayer', 'Sint asperiores suscipit labore inventore quisquam est in dignissimos. Iste quibusdam eos accusantium ea et sed qui autem. Explicabo suscipit eos amet perferendis similique fugit. Saepe fugit laudantium quos fugiat. Consequatur consequuntur porro amet. Aut tempora et dolorum voluptatem aut. Laudantium id et repellendus commodi est dolores deserunt.', '9762 Anjali Village Suite 397\nVandervorttown, DE 24319-8409', 'https://www.mcclure.com/quaerat-ipsa-est-dolore-voluptates-temporibus', '1-212-200-4751 x13940', '1981-06-04', '2018-06-20 00:13:25', '2018-06-20 00:13:25', 'egydev', NULL),
(44, 'Alec Koch PhD', 'Eum voluptates et aut natus. Sint dolore magnam cumque dicta velit. Eum optio et magnam vero voluptate exercitationem.', '968 Yesenia Glen Apt. 879\nNorth Maxine, RI 16486', 'https://pouros.com/voluptatem-et-pariatur-soluta-accusantium-saepe-culpa.html', '763.898.6095 x945', '2014-06-12', '2018-06-20 00:13:25', '2018-06-20 00:13:25', 'egydev', NULL),
(45, 'Emmett Will', 'Qui officia dolore qui dolor qui autem. Quia eligendi non et repellendus.', '99774 Towne Points\nNorth Mose, MA 81808', 'http://www.rice.com/saepe-eius-et-distinctio-quo', '467.953.2878 x579', '1985-07-05', '2018-06-20 00:13:25', '2018-06-20 00:13:25', 'egydev', NULL),
(46, 'Sean D\'Amore', 'Et quia eum sequi cumque ea vel quidem eligendi. Veniam minus et velit voluptate in consectetur. Laborum aut animi recusandae aut doloremque. Est voluptas mollitia qui molestias sequi iure. Rem aspernatur ut qui ut rerum vel. Aut nulla eum molestias qui eum laudantium eos. Et libero omnis et eveniet quis in enim.', '3649 Florian Gardens\nWest Arelyburgh, NV 64436', 'http://www.russel.net/', '1-825-895-7385', '1979-11-19', '2018-06-20 00:13:26', '2018-06-20 00:13:26', 'egydev', NULL),
(47, 'Jada Swaniawski Jr.', 'Perferendis voluptas impedit quia et est. Doloribus est molestiae quae magnam minus recusandae sequi. Aliquam voluptas unde omnis tempora doloremque qui.', '845 Claire Crescent\nNew Blancheshire, WY 05968', 'http://rogahn.biz/cum-quo-voluptatibus-eos-provident-cupiditate-enim-adipisci', '(397) 627-8732 x84265', '1992-04-19', '2018-06-20 00:13:26', '2018-06-20 00:13:26', 'egydev', NULL),
(48, 'Juana Dach', 'Nihil eius nobis quis similique. Enim in culpa voluptas porro atque eaque. Esse vel officia ut.', '707 Lelah Corner\nThaliaberg, MN 10555', 'http://price.com/quia-doloremque-non-eaque-ipsum-sed-veritatis-qui.html', '542.500.1982 x9844', '2004-04-25', '2018-06-20 00:13:26', '2018-06-20 00:13:26', 'egydev', NULL),
(49, 'Mr. Braulio Schumm II', 'Quae eos corrupti quia rerum. Beatae et alias quo ut est iusto quis.', '622 Howell Rapids\nSawaynfort, NJ 53850-6867', 'http://www.schuppe.org/', '(504) 277-7743', '1981-02-11', '2018-06-20 00:13:26', '2018-06-20 00:13:26', 'egydev', NULL),
(50, 'Robyn Herman', 'Soluta distinctio nihil laborum. Odit ratione id nihil neque. Totam numquam ipsam sit suscipit accusantium.', '69162 Amely Creek Apt. 655\nNorth Davon, OR 49019-0765', 'http://www.macejkovic.com/', '(483) 515-7713 x97750', '1982-06-13', '2018-06-20 00:13:26', '2018-06-20 00:13:26', 'egydev', NULL);

-- --------------------------------------------------------

--
-- Table structure for table `books`
--

CREATE TABLE `books` (
  `id` int(11) NOT NULL,
  `publisher_id` int(11) DEFAULT NULL,
  `author_id` int(11) DEFAULT NULL,
  `category_id` int(11) DEFAULT NULL,
  `name` varchar(100) COLLATE utf8_bin DEFAULT NULL,
  `cover_path` varchar(255) COLLATE utf8_bin DEFAULT NULL,
  `description` text COLLATE utf8_bin,
  `publish_date` date DEFAULT NULL,
  `created_at` datetime DEFAULT NULL,
  `updated_at` datetime DEFAULT NULL,
  `created_by` varchar(100) COLLATE utf8_bin DEFAULT NULL,
  `updated_by` varchar(100) COLLATE utf8_bin DEFAULT NULL
) ENGINE=InnoDB DEFAULT CHARSET=utf8 COLLATE=utf8_bin;

--
-- Dumping data for table `books`
--

INSERT INTO `books` (`id`, `publisher_id`, `author_id`, `category_id`, `name`, `cover_path`, `description`, `publish_date`, `created_at`, `updated_at`, `created_by`, `updated_by`) VALUES
(1, 42, 45, 5, 'Madelyn Hessel', '98378ae10065a30c8f8a97c3d35170d6.jpg', 'Corporis non sunt laudantium ex illo sequi. Nihil debitis ut neque harum voluptatem temporibus ut soluta. Eum commodi vitae nobis adipisci delectus est cumque est. Voluptates est et dolores et fugit amet. Consequatur ut reiciendis fugit.', '1986-11-30', '2018-06-20 00:17:59', '2018-06-20 00:17:59', NULL, NULL),
(2, 46, 22, 9, 'Annie Lubowitz', '542ebbfa9917b68cb390e5584598e104.jpg', 'Asperiores ad asperiores quae ducimus delectus incidunt vitae natus. Ea et quae voluptatum voluptatum sit.', '2004-05-03', '2018-06-20 00:17:59', '2018-06-20 00:17:59', NULL, NULL),
(3, 20, 40, 8, 'Mrs. Cecile Fay IV', 'afc3e47af467533a73af586bc30732a5.jpg', 'Aperiam qui commodi odit quasi ex. Eius dolor cumque distinctio est. Non provident officiis delectus rerum ut ipsum enim. Ut quia quo nihil saepe. Laborum alias accusamus debitis dignissimos minus dolorem. Mollitia error earum quae necessitatibus perferendis maxime molestiae. Perspiciatis fugiat nemo molestias itaque inventore.', '1991-02-04', '2018-06-20 00:17:59', '2018-06-20 00:17:59', NULL, NULL),
(4, 33, 31, 5, 'Marianna Kulas', '1b7738fc324ddb6dae57b57d69352871.jpg', 'Est aliquid quod architecto quae ducimus.', '1995-09-07', '2018-06-20 00:17:59', '2018-06-20 00:17:59', NULL, NULL),
(5, 33, 25, 10, 'Demarco Aufderhar II', '48fa2805f581e9da61092921e25dbdfe.jpg', 'Magnam laborum repudiandae amet repellendus. Nulla voluptas omnis quos. Consequatur et sit a. Sunt tempora officia dolorem debitis.', '2003-07-28', '2018-06-20 00:17:59', '2018-06-20 00:17:59', NULL, NULL),
(6, 34, 46, 9, 'Daisha Buckridge', '69d03412f04cd493ab8227ce8b5aa46b.jpg', 'Earum ut corporis iste repudiandae quis qui. Quisquam et ullam ipsum natus est.', '2002-11-03', '2018-06-20 00:17:59', '2018-06-20 00:17:59', NULL, NULL),
(7, 17, 14, 2, 'Marcia Haag III', '80bfd2ce569c66f2b78a45bf0cc8e844.jpg', 'Ut facilis atque temporibus non quibusdam eos. Quos rerum sed accusamus quas. Autem omnis quia nulla quia eveniet eum. Omnis ut consequuntur rem repellendus doloremque commodi. Quia dolor tempora quo eius dolores delectus est.', '2013-05-21', '2018-06-20 00:17:59', '2018-06-20 00:17:59', NULL, NULL),
(8, 49, 21, 8, 'Piper Schimmel IV', 'a11ccb0d1dad8e32137bdf6f27a76763.jpg', 'Cum enim quas eos beatae quis corporis.', '1990-01-06', '2018-06-20 00:17:59', '2018-06-20 00:17:59', NULL, NULL),
(9, 20, 14, 5, 'Dessie O\'Connell', 'c9ed16ecdf7e4aab866e61fc803d8d56.jpg', 'Non praesentium beatae quisquam ut nemo perspiciatis.', '1976-08-25', '2018-06-20 00:17:59', '2018-06-20 00:17:59', NULL, NULL),
(10, 50, 28, 9, 'Mary Hermann', 'fd16fefaa74544a7c1ec7030f912c66f.jpg', 'Tenetur aperiam cumque doloribus nam adipisci. Suscipit autem reiciendis esse et vel aperiam sit est. Aperiam ut consectetur aliquam atque tempore. Consequatur velit nobis esse libero corporis. Soluta minima aut possimus. Dolores occaecati a et repudiandae autem illo assumenda. Ab quisquam quia illo qui accusantium dolores sunt enim.', '1975-09-09', '2018-06-20 00:17:59', '2018-06-20 00:17:59', NULL, NULL),
(11, 39, 1, 2, 'Mr. Christian Lebsack Jr.', '912bf31a6ef2991e5e541f2f40bae2f6.jpg', 'Suscipit et aut ipsa. Eos nobis iusto expedita nostrum tempore.', '2014-06-20', '2018-06-20 00:17:59', '2018-06-20 00:17:59', NULL, NULL),
(12, 37, 46, 10, 'Dr. Mavis Schuster', '5f7c46e5071b726eb6185550d6a81db9.jpg', 'Eaque eligendi animi est sint qui. Autem id dolore quis minus qui ipsa. Quia non et omnis est at nesciunt. Est qui blanditiis corrupti totam. Voluptatum quas eligendi et error est maiores eveniet aut.', '1980-10-30', '2018-06-20 00:18:00', '2018-06-20 00:18:00', NULL, NULL),
(13, 21, 38, 7, 'Julian Schulist', '6ea068e98f6a9bbe308525459ddbe22a.jpg', 'Autem ipsa dolores et vel ipsa perferendis. Sunt omnis doloribus et quo dolorum accusantium exercitationem. Quae est dicta accusantium rerum suscipit. Ut vitae est sed nisi. Tenetur consequuntur molestiae amet consectetur. Dignissimos nesciunt blanditiis nesciunt nostrum.', '1990-02-09', '2018-06-20 00:18:00', '2018-06-20 00:18:00', NULL, NULL),
(14, 12, 39, 5, 'Georgiana Larkin', '47f50e831b64c6eb3189638c9a33965b.jpg', 'Dolorum dolor sed unde non similique repellat. Qui rerum quia et.', '1990-05-13', '2018-06-20 00:18:00', '2018-06-20 00:18:00', NULL, NULL),
(15, 28, 28, 3, 'Ruthe Bahringer', 'b08575b7a341f8cbe6cfe7b7da887dde.jpg', 'Voluptate consequatur nulla aut delectus voluptatum numquam nihil dolores. Totam quo aut neque minima minima. Et modi dolores provident. Commodi delectus assumenda et dolores ipsam et corrupti. Voluptates sunt perspiciatis non fuga iusto praesentium expedita.', '1979-09-15', '2018-06-20 00:18:00', '2018-06-20 00:18:00', NULL, NULL),
(16, 22, 24, 6, 'Trycia Ritchie', '6ce06f2e2295696d1959608c7e15c698.jpg', 'Dicta fuga temporibus voluptatem. Consequuntur ipsam in aspernatur vel quia. Repellendus sed et accusamus.', '1993-03-28', '2018-06-20 00:18:00', '2018-06-20 00:18:00', NULL, NULL),
(17, 28, 24, 9, 'Prof. Johnson Schneider PhD', '69d6a835d7746f0438d5f7dcc29903fa.jpg', 'Asperiores est vel commodi cum rerum. Ab molestias dolores quos velit error. Quia temporibus iusto ducimus et dolor accusamus. Deleniti ut qui quia sit qui saepe. Repellendus minus aut similique provident.', '1973-01-31', '2018-06-20 00:18:00', '2018-06-20 00:18:00', NULL, NULL),
(18, 21, 35, 7, 'Ruthie Raynor', '57e86578127314f9f5bb3a15ea29063d.jpg', 'Ut architecto nesciunt nisi id sapiente eum. Qui voluptatum quia sed voluptas nostrum.', '2008-12-26', '2018-06-20 00:18:00', '2018-06-20 00:18:00', NULL, NULL),
(19, 46, 21, 10, 'Abner Herman', '5b07d89683392617e1dd9dba8b700e78.jpg', 'Officia aliquam deleniti voluptatum qui adipisci libero ea. Nisi voluptate natus mollitia maiores nostrum soluta dignissimos ratione. Non consectetur nesciunt earum dolor id rerum reiciendis. Odio explicabo id et alias dolorum sit tenetur.', '2003-04-01', '2018-06-20 00:18:00', '2018-06-20 00:18:00', NULL, NULL),
(20, 25, 1, 9, 'Candace Pfeffer', '1f0007d88f5feb9b0c327651a735607d.jpg', 'Ad omnis ullam aut nesciunt distinctio ratione placeat nemo. Quia et exercitationem praesentium et aut. Eum ut ipsa consequuntur dolores dolores ea tempora.', '2002-02-07', '2018-06-20 00:18:00', '2018-06-20 00:18:00', NULL, NULL),
(21, 4, 16, 9, 'Mr. Terrance Quitzon', '0c03e88545a8993955e093f26fb40c81.jpg', 'Accusantium maxime perferendis magnam. Adipisci et eos qui autem iste est. Eveniet molestiae ut in ipsa porro hic facere. Quos est quibusdam sequi rerum ratione adipisci. Ea consectetur magnam perferendis omnis. Molestias totam explicabo aliquid ut est aut.', '1992-03-30', '2018-06-20 00:18:00', '2018-06-20 00:18:00', NULL, NULL),
(22, 14, 39, 8, 'Cathy Brekke', 'a0ffa9bc7ae41cc388618249bfbea53b.jpg', 'Qui et sit impedit modi et alias. Atque optio cupiditate sint velit maxime et omnis. Ipsum alias suscipit impedit quod.', '1981-11-25', '2018-06-20 00:18:00', '2018-06-20 00:18:00', NULL, NULL),
(23, 39, 9, 4, 'Emil Jast', '19d11a40e790efc90967c2b2cc380c99.jpg', 'Rerum et quia ex nostrum sunt. Quidem ut consequatur soluta earum.', '1984-02-22', '2018-06-20 00:18:00', '2018-06-20 00:18:00', NULL, NULL),
(24, 30, 31, 2, 'Halie Schoen', '749fad42e1970d0d94e7bfac7ac32985.jpg', 'Ratione explicabo fugit quaerat et consequatur. Et delectus alias reprehenderit minus sit iusto fuga. Facilis quia quidem quo quisquam. Pariatur tempore necessitatibus ratione est. Nisi ab odio excepturi animi porro.', '2004-07-29', '2018-06-20 00:18:00', '2018-06-20 00:18:00', NULL, NULL),
(25, 7, 11, 3, 'Carlo Ferry', '25ce80e3d19a0c39e85b8a820ccc6e40.jpg', 'Voluptatem sed voluptatem facilis unde reiciendis vitae voluptas. Voluptatem culpa rem nostrum quis iusto quis rerum. Nisi sed consequatur impedit aut. Vel sit minus et atque. Ducimus odio in error qui voluptatum.', '1986-06-30', '2018-06-20 00:18:00', '2018-06-20 00:18:00', NULL, NULL),
(26, 42, 27, 5, 'Abigale Orn', 'c479928336268d44768a500eb0d5caa3.jpg', 'Et omnis qui nam. Praesentium voluptas laudantium aut quisquam. Molestiae voluptatibus nemo et quo et nam. Voluptas libero est quaerat. Eum quisquam rerum et officia. Odio modi facere tempore sed. Deleniti est quia velit eum blanditiis nobis nostrum.', '2000-04-13', '2018-06-20 00:18:01', '2018-06-20 00:18:01', NULL, NULL),
(27, 25, 43, 2, 'Mrs. Zola Purdy PhD', '3bf551543629e824cdb6dcc58e4fc654.jpg', 'Consequatur quam dolor quam quam enim qui quod.', '1992-01-14', '2018-06-20 00:18:01', '2018-06-20 00:18:01', NULL, NULL),
(28, 43, 12, 2, 'Montana Cole', 'e406c908e01172abb8a6fb2b5f513362.jpg', 'Accusantium nulla et quae eos veniam explicabo. Quia incidunt corrupti consequatur aliquid dicta at.', '1978-09-10', '2018-06-20 00:18:01', '2018-06-20 00:18:01', NULL, NULL),
(29, 34, 27, 1, 'Miss Amalia Hudson DVM', '2b62086bee840779d418cb5a07fd20b9.jpg', 'Corporis voluptas dicta expedita aut facere tenetur cum. Voluptatibus cum perferendis et quod delectus debitis nobis unde. Expedita quia est dolor sapiente quos.', '1997-04-05', '2018-06-20 00:18:01', '2018-06-20 00:18:01', NULL, NULL),
(30, 32, 36, 6, 'Prof. Favian Wunsch', '269642e948bba5a36aa516bdc9e85399.jpg', 'Quia illo perferendis facere ut exercitationem quos. Consequatur totam consequuntur voluptas rerum. Voluptas et non assumenda in dolor quisquam. Et beatae dolores sit similique odio.', '2017-10-21', '2018-06-20 00:18:01', '2018-06-20 00:18:01', NULL, NULL),
(31, 44, 42, 5, 'Camille Trantow', '0b8017dc275d48a13532a6a43b301d31.jpg', 'Voluptatem eaque ullam facilis vel quibusdam culpa et delectus. Sapiente et totam enim magni. Aspernatur rem vel esse. Corrupti quam nihil porro nemo doloremque quisquam nihil. Ipsum ipsam quis fugit quia soluta odio accusamus.', '1992-06-15', '2018-06-20 00:18:01', '2018-06-20 00:18:01', NULL, NULL),
(32, 31, 31, 1, 'Thomas Bernier', 'e2b26a54c3e32f35e88bffe354991122.jpg', 'Libero cum totam nam voluptatem necessitatibus atque ut. Aliquam nulla minus qui est repellat assumenda. Repellat quis earum ipsa.', '2009-06-24', '2018-06-20 00:18:01', '2018-06-20 00:18:01', NULL, NULL),
(33, 30, 8, 10, 'Danika Morar Jr.', 'dc6e9e631fc15de23a2fbd7456b99b1d.jpg', 'Voluptatem beatae ex similique pariatur quia itaque quibusdam. Dolor sed officia iste quas non esse. Voluptatem nesciunt omnis accusantium est ad quo harum.', '2007-09-21', '2018-06-20 00:18:01', '2018-06-20 00:18:01', NULL, NULL),
(34, 11, 50, 1, 'Dr. Devon Borer', '4c9531b33af6015c7a5b6debe02dab53.jpg', 'Doloribus cupiditate dolorum aut deleniti ullam. Molestias quia et cupiditate alias non magni. Culpa molestiae quia atque officiis exercitationem cupiditate.', '2014-07-01', '2018-06-20 00:18:01', '2018-06-20 00:18:01', NULL, NULL),
(35, 31, 26, 9, 'Prof. Gianni Carroll III', 'ef33f89f6365ad522fe9c9eb70d0e5c0.jpg', 'Eligendi et amet quia. Autem eligendi fugit aut doloribus. Possimus at ducimus recusandae porro necessitatibus ea quo. Dolores neque laboriosam expedita rem earum minima. Possimus maxime ut sunt nobis eligendi pariatur assumenda. Nemo suscipit expedita veritatis a. Est ab delectus at minima molestiae eius rerum.', '2010-07-04', '2018-06-20 00:18:01', '2018-06-20 00:18:01', NULL, NULL),
(36, 24, 41, 4, 'Dr. Ozella Greenholt PhD', '108f56b2c7909bc5dfb1a1af0d98fc9d.jpg', 'Ipsa quia dignissimos molestiae. Nulla inventore pariatur asperiores quasi et voluptatibus. Ab ducimus nihil eius doloremque eum inventore et accusantium. Enim eos consequatur adipisci voluptatem vero. Sint qui beatae autem eum.', '1985-01-05', '2018-06-20 00:18:01', '2018-06-20 00:18:01', NULL, NULL),
(37, 41, 42, 1, 'Ole Witting', 'fa33d95a42e7aa4286da508eb7fcf546.jpg', 'Consequuntur et ipsam facilis ab.', '2003-03-06', '2018-06-20 00:18:01', '2018-06-20 00:18:01', NULL, NULL),
(38, 29, 12, 5, 'Ned Hilpert Sr.', '9ce742dd3c49ea0c5fa0697a6c6d54bf.jpg', 'Ut quas delectus doloribus ipsum. Atque quia fugit eveniet suscipit in suscipit. Exercitationem facilis et deserunt reprehenderit sapiente est.', '2010-01-03', '2018-06-20 00:18:02', '2018-06-20 00:18:02', NULL, NULL),
(39, 42, 22, 6, 'Ms. Mallie Dooley', '28d08e25d5da8bb422a4d2e28011cd9d.jpg', 'Qui alias delectus necessitatibus adipisci. Voluptas odio iure odit eos enim ut.', '2009-03-10', '2018-06-20 00:18:02', '2018-06-20 00:18:02', NULL, NULL),
(40, 31, 18, 6, 'Dee Raynor', 'ef1e01856344a735ada1c572e3b8c1d7.jpg', 'Sint temporibus harum dolore. Asperiores quibusdam qui voluptatem eligendi fugit.', '1993-08-09', '2018-06-20 00:18:02', '2018-06-20 00:18:02', NULL, NULL),
(41, 44, 21, 5, 'Amelie Windler', '069057b61cc650d2acf389fbd0816da7.jpg', 'Deserunt beatae facilis necessitatibus ipsum animi assumenda et. Laboriosam quidem voluptatum ab cum ratione explicabo. Dignissimos et debitis minus iste ut et nostrum. Ut velit fuga et in. Impedit nobis iure magni qui iusto earum odit. Et officia at nulla natus occaecati aut et.', '1984-08-24', '2018-06-20 00:18:02', '2018-06-20 00:18:02', NULL, NULL),
(42, 13, 43, 7, 'Theodora Will', 'f82a66fcfc0ec51beeadeb0aa44e8467.jpg', 'Molestias dolorem est est ducimus repellat consequatur. Iste ad quia quo omnis. Sit saepe dolorem qui impedit. Debitis voluptas sapiente qui sint nesciunt aut dolorem voluptatem. Pariatur at et deserunt et.', '1972-06-24', '2018-06-20 00:18:02', '2018-06-20 00:18:02', NULL, NULL),
(43, 19, 36, 4, 'Dr. Alex Kuphal Sr.', '7d4e59ca9c12d91a5b252016cb9f7063.jpg', 'Veritatis nam ratione facilis aut corporis est. Laborum omnis veniam dolorem deserunt labore voluptas ex.', '1982-11-13', '2018-06-20 00:18:02', '2018-06-20 00:18:02', NULL, NULL),
(44, 14, 49, 8, 'Wilhelmine Cartwright', '262dd4cce04c121fd0fee0d1bcde9bb7.jpg', 'Vel occaecati non dolore nihil. Iste eius aperiam dolorum ipsa nam quis commodi velit. Quo ab dolorem non quis laborum. Ratione rerum temporibus eligendi magni. Et explicabo quasi aut est impedit. Natus rerum iure et qui.', '2002-05-25', '2018-06-20 00:18:02', '2018-06-20 00:18:02', NULL, NULL),
(45, 16, 8, 1, 'Prof. Clara Koepp V', '7e3af990b547b6822bcf37da5a51a3d5.jpg', 'Reprehenderit repudiandae velit eligendi sit quasi. Molestiae voluptatum corporis repudiandae eligendi iste. Repudiandae quo optio sint autem laboriosam vitae rem.', '1976-05-23', '2018-06-20 00:18:02', '2018-06-20 00:18:02', NULL, NULL),
(46, 45, 48, 4, 'Berry Herzog', 'fe9d3f66fa8eb27bfa7d1378e03b56f3.jpg', 'Deleniti ut impedit et. Quam aliquam natus sit rerum non. Ea alias sequi sunt dolorem hic ducimus.', '2003-01-05', '2018-06-20 00:18:02', '2018-06-20 00:18:02', NULL, NULL),
(47, 13, 9, 1, 'Patsy Lang Jr.', '9aef51c4671cde3b0dffe904d100571d.jpg', 'Eos et vel quo perferendis minus. Qui et aut sint. Officiis facere voluptate qui est aliquam.', '2001-10-28', '2018-06-20 00:18:02', '2018-06-20 00:18:02', NULL, NULL),
(48, 19, 17, 5, 'London Schimmel', '49336fd45d6b2561322248947994a382.jpg', 'Voluptatem maiores culpa id reiciendis doloremque. Distinctio rerum dolores ut asperiores sit. Consequatur aut maxime excepturi laborum minus incidunt. Repellendus esse neque voluptatem incidunt voluptas laborum repellat qui.', '2005-11-03', '2018-06-20 00:18:02', '2018-06-20 00:18:02', NULL, NULL),
(49, 9, 29, 2, 'Prof. Stanton Rohan', 'a4b3f3237abcc339a7150761dbaf72ac.jpg', 'Consequatur rerum alias corrupti omnis aut labore. Quis dolorem fuga et voluptas quo quo ut. Nobis quia maxime distinctio et fugit. Molestiae ut sunt enim omnis quis nulla qui.', '2006-02-26', '2018-06-20 00:18:02', '2018-06-20 00:18:02', NULL, NULL),
(50, 32, 32, 9, 'Braeden Price III', 'ac3c5806c36e07381d2d3d546e8b46b6.jpg', 'Quos sed maiores atque illum quia excepturi dignissimos. Similique quia qui nesciunt quia. Cupiditate eaque est ab voluptas animi autem. Nostrum et est molestiae officiis magni.', '2012-11-24', '2018-06-20 00:18:03', '2018-06-20 00:18:03', NULL, NULL),
(51, 28, 21, 8, 'Prof. Braulio McCullough II', '76d4c56db6d74405a15fac43dabde7a3.jpg', 'Nihil ut pariatur natus qui nemo quisquam. Numquam ut qui unde id aspernatur quo a. Et harum est voluptate maxime quasi et sequi.', '2007-02-11', '2018-06-20 00:18:03', '2018-06-20 00:18:03', NULL, NULL),
(52, 32, 3, 10, 'Jody Bechtelar Jr.', '9564edad0a7d14836f774b5a582eb327.jpg', 'Est accusamus consequatur soluta. Veniam odit omnis ut consequuntur corporis explicabo. Cumque dolorem nam minima placeat ut temporibus esse.', '1997-11-05', '2018-06-20 00:18:03', '2018-06-20 00:18:03', NULL, NULL),
(53, 35, 43, 8, 'Laverna Adams MD', 'd13327fa4c157ce1a07f15d46feaa3cf.jpg', 'Excepturi reiciendis consequuntur voluptas sit animi recusandae. Aut rerum modi voluptatum esse quis in.', '1972-12-18', '2018-06-20 00:18:03', '2018-06-20 00:18:03', NULL, NULL),
(54, 20, 17, 9, 'Pedro Pfannerstill', 'fe850fbcf0ee3b5e099084fe662410ea.jpg', 'Aut et mollitia occaecati sed maxime ratione. Ullam debitis exercitationem molestias quia. Similique quia velit deleniti maiores facilis suscipit. Molestiae quia aut ab nihil porro nisi. Dolor minus itaque corporis voluptates est adipisci. Iusto aspernatur aspernatur totam eius. Nisi rem molestiae aut qui commodi quo.', '1983-08-04', '2018-06-20 00:18:03', '2018-06-20 00:18:03', NULL, NULL),
(55, 28, 28, 7, 'Miss Oceane Thompson', '5f776c60b9a89dc89e096758482e61f7.jpg', 'Harum reiciendis qui itaque et corporis vel. Reprehenderit et accusamus ullam sit laudantium in ad. Esse harum quia sint accusamus reprehenderit autem fuga maiores. Quia dicta fugiat aut tempora rerum amet.', '2004-02-13', '2018-06-20 00:18:03', '2018-06-20 00:18:03', NULL, NULL),
(56, 47, 45, 7, 'Frederick Gusikowski', '79be20d5b4d7d3eae3da98757ec954e8.jpg', 'Qui est id voluptates esse eveniet. Eveniet aut nam odio. Explicabo et et similique illum eveniet aliquid veniam. Occaecati ut voluptas provident debitis molestiae adipisci.', '2008-09-17', '2018-06-20 00:18:03', '2018-06-20 00:18:03', NULL, NULL),
(57, 4, 32, 4, 'Kenyatta Bashirian', 'd28e084160445714332fc7a00ac69a99.jpg', 'Fuga excepturi vero voluptatum sed voluptas. Rem qui adipisci rem in vitae. Earum eaque aut perferendis doloremque.', '2013-08-25', '2018-06-20 00:18:03', '2018-06-20 00:18:03', NULL, NULL),
(58, 30, 45, 3, 'Kenya Padberg', '170de8f8e8384e2f7f8beb50c224a7bb.jpg', 'Porro sunt velit et eum. Vel necessitatibus perferendis voluptate qui ut officiis dignissimos.', '2003-05-08', '2018-06-20 00:18:03', '2018-06-20 00:18:03', NULL, NULL),
(59, 6, 17, 10, 'Kurtis Keebler Sr.', 'a24e1a67c9762e29c0b4cb147339de83.jpg', 'Id consequuntur sequi ut placeat nihil odit reprehenderit. Delectus sed quis dolor soluta sed. Eaque itaque inventore ut. Quis quo qui aliquam sunt blanditiis error corporis. Minima ut quam soluta sequi voluptas adipisci. Qui tempora perferendis maxime sit et.', '2016-04-04', '2018-06-20 00:18:03', '2018-06-20 00:18:03', NULL, NULL),
(60, 32, 2, 8, 'Destiny Moore', 'b21a7f5660dff4e008b2cbe54d068f67.jpg', 'Saepe cupiditate est ducimus facilis et facere deleniti. Quia eum minus est aspernatur in eos maxime. Sed officiis laboriosam sunt sed corrupti. Ipsam omnis itaque est temporibus est nemo. Ipsam consequuntur cum voluptates ea autem harum. Sequi et excepturi expedita officiis ex ut consequatur. Temporibus unde sint mollitia et pariatur.', '1993-08-22', '2018-06-20 00:18:03', '2018-06-20 00:18:03', NULL, NULL),
(61, 49, 11, 5, 'Amira Effertz IV', '21eebdb96e6a3d914284f7dbba668302.jpg', 'Quo quos debitis rem ratione error. Voluptas aut mollitia modi qui accusantium dolores. Iste qui ab occaecati doloribus voluptatibus.', '2001-04-17', '2018-06-20 00:18:03', '2018-06-20 00:18:03', NULL, NULL),
(62, 9, 22, 3, 'Corene Towne MD', '025a035d40f44df308548af453127f8b.jpg', 'Repellat mollitia illo sunt ratione voluptatum fuga unde. Voluptatum aperiam qui adipisci est sed vel eaque. Velit aliquid et nihil debitis et. Quia quidem repellat quasi. Cupiditate dolorem at voluptatem expedita deserunt. Sequi debitis quam exercitationem iste ipsum sit.', '1991-08-20', '2018-06-20 00:18:03', '2018-06-20 00:18:03', NULL, NULL),
(63, 42, 15, 3, 'Mrs. Clara Kohler DDS', '55beaff8e5b7846dcbef7a91ed186988.jpg', 'Qui id doloremque non dignissimos minima earum velit voluptatibus. Harum qui quae delectus aliquam fuga. Eaque soluta voluptas odio dolor ratione.', '1986-12-18', '2018-06-20 00:18:03', '2018-06-20 00:18:03', NULL, NULL),
(64, 29, 38, 1, 'Kayli Batz', 'a945db89d91d9943be93254cea8f237e.jpg', 'Et sapiente aut nobis blanditiis perspiciatis rerum et iste. Saepe id voluptatem alias qui. Praesentium sunt iure mollitia dolores labore. Sit et modi quaerat. Aut ea vel aut ipsum tempora et.', '1992-06-30', '2018-06-20 00:18:04', '2018-06-20 00:18:04', NULL, NULL),
(65, 22, 49, 2, 'Monroe Gleason', '8074824cdc9b9424da6cf85645c5379d.jpg', 'Rem hic eveniet repudiandae ut animi. Molestiae eaque nesciunt fugit dolore.', '1999-04-25', '2018-06-20 00:18:04', '2018-06-20 00:18:04', NULL, NULL),
(66, 21, 38, 6, 'Larue Stracke', '7dd4265278b904b793f6682440f040d9.jpg', 'Temporibus quo temporibus occaecati tempora quaerat voluptas beatae cum. Perferendis excepturi ex architecto qui atque sapiente quisquam.', '1995-06-13', '2018-06-20 00:18:04', '2018-06-20 00:18:04', NULL, NULL),
(67, 7, 47, 3, 'Mrs. Maeve Hickle Sr.', '74c6be4f8cbaa6b504768b1de9e2a36a.jpg', 'Sed a sed deleniti quia minus. Veniam nihil placeat sequi.', '1980-06-22', '2018-06-20 00:18:04', '2018-06-20 00:18:04', NULL, NULL),
(68, 49, 33, 8, 'Larissa Flatley', '38719989f96eab5d52854ca6e47b3266.jpg', 'Iste beatae ut rerum dolore. Ut dolorem quis libero voluptatum.', '1978-10-08', '2018-06-20 00:18:04', '2018-06-20 00:18:04', NULL, NULL),
(69, 11, 31, 5, 'Mr. Finn Kerluke', '05dc9381eb4a56b05d5db81b81255904.jpg', 'Qui omnis culpa a ad. Quia omnis aut officiis dolores ducimus ipsum molestiae. Assumenda rem nesciunt quisquam. Non incidunt beatae voluptatibus omnis porro dicta maxime sed.', '1980-05-30', '2018-06-20 00:18:04', '2018-06-20 00:18:04', NULL, NULL),
(70, 12, 41, 4, 'Gaston Blanda', 'd5b5fa194a85473b6935710224bf068b.jpg', 'Amet voluptates culpa non molestiae minus est veniam. Odit deleniti facilis ad eos.', '1972-07-30', '2018-06-20 00:18:04', '2018-06-20 00:18:04', NULL, NULL),
(71, 42, 17, 1, 'Miss Lura Blick V', '18eb6523a5f0d8ec5bebd7bba3c17548.jpg', 'Fugiat et ut nihil omnis. Vitae ut placeat dolores adipisci deserunt. Sed expedita tenetur nihil consequatur quibusdam.', '1992-12-17', '2018-06-20 00:18:04', '2018-06-20 00:18:04', NULL, NULL),
(72, 30, 35, 5, 'Shany Ziemann', 'e8f4431733356077cedead081c614b44.jpg', 'Nemo aperiam quaerat quidem nihil qui. Repellat accusantium eius laboriosam est. Et occaecati voluptates ipsa cumque. Dolores veritatis harum esse est ad pariatur deleniti deserunt.', '1978-11-19', '2018-06-20 00:18:04', '2018-06-20 00:18:04', NULL, NULL),
(73, 7, 19, 8, 'Nakia Schamberger', 'a8c7bbf61ac361c5fd8ff59102cabb81.jpg', 'Saepe iure ipsa vel rem. Quo quisquam aut consequuntur sint. Qui aut optio veniam dolor impedit ipsam sint autem. Impedit expedita id impedit voluptate animi possimus et. Laboriosam voluptatem ut vel animi quia quasi libero.', '1990-10-27', '2018-06-20 00:18:04', '2018-06-20 00:18:04', NULL, NULL),
(74, 18, 39, 8, 'Prof. Reggie Corwin', '877b35e5593c5a20e2392e5d1d6ca9f7.jpg', 'Non dolores quasi vitae quo aut vel recusandae. Dolores vitae numquam itaque ex.', '1979-12-07', '2018-06-20 00:18:05', '2018-06-20 00:18:05', NULL, NULL),
(75, 38, 15, 3, 'Mrs. Ethyl Schneider', '22fec91757b4d1c8b34266e61a43fe6b.jpg', 'Delectus non cumque porro doloremque et et minima. In natus odit ea rerum.', '1994-02-07', '2018-06-20 00:18:05', '2018-06-20 00:18:05', NULL, NULL),
(76, 37, 12, 3, 'Bessie Gibson', '21dd08cb495478b0b7652518928b442c.jpg', 'Dignissimos porro vel ut autem dignissimos nihil. Illum doloremque assumenda culpa dolorem perferendis.', '2009-10-04', '2018-06-20 00:18:05', '2018-06-20 00:18:05', NULL, NULL),
(77, 47, 25, 5, 'Helen Schaefer', 'a03911476309240e67e4f1de3bbe9f70.jpg', 'Itaque veritatis quaerat consequuntur repellat autem sunt. Autem esse fugit voluptatum quidem in qui. Quasi quaerat harum aut.', '1977-05-15', '2018-06-20 00:18:05', '2018-06-20 00:18:05', NULL, NULL),
(78, 45, 39, 1, 'Meredith Daugherty', '296dda32addb2ccad26776c7b0b2d1a8.jpg', 'Voluptas harum dolore itaque facilis.', '1999-07-07', '2018-06-20 00:18:05', '2018-06-20 00:18:05', NULL, NULL),
(79, 14, 29, 3, 'Mrs. Breana Kshlerin', 'a23c48a5420c483dc582abc5930ee41d.jpg', 'Nemo omnis beatae praesentium rem. Dignissimos beatae voluptas delectus nesciunt. Natus consectetur deleniti molestiae quas deleniti odio consequatur. Consequatur nisi eaque corrupti laboriosam quo eum dolores.', '2015-04-12', '2018-06-20 00:18:05', '2018-06-20 00:18:05', NULL, NULL),
(80, 49, 15, 4, 'Mr. Ola Torphy IV', '07d4c1d3ca66825ed0dd0d0fe27913c8.jpg', 'Dignissimos quasi voluptas nisi perspiciatis et. Rerum harum asperiores ipsam dolor. Ut ut doloribus fuga eveniet. Deleniti commodi qui et quo accusamus nulla debitis. Molestiae quo et vel non dolorem. Maiores est veritatis mollitia repellat ullam molestias natus mollitia.', '1989-01-10', '2018-06-20 00:18:05', '2018-06-20 00:18:05', NULL, NULL),
(81, 36, 18, 2, 'Carmela Gaylord', 'efd6e6b7a50a1439ea595784f45b5a9c.jpg', 'Voluptatibus dicta dolor impedit ipsam velit porro assumenda.', '2017-12-21', '2018-06-20 00:18:05', '2018-06-20 00:18:05', NULL, NULL),
(82, 6, 46, 6, 'Dr. Beverly Macejkovic DVM', '8d49621f93497d91e02ca887f47087cc.jpg', 'Officia id tenetur eos modi qui. Quo non praesentium quos est laboriosam. Quaerat aut magnam quasi dolorem dolorem.', '2008-10-09', '2018-06-20 00:18:05', '2018-06-20 00:18:05', NULL, NULL),
(83, 26, 10, 4, 'Marvin Wuckert', 'e49dd033b234540daadbb89b50c58a2c.jpg', 'Qui suscipit ad ut mollitia. Ducimus soluta voluptatem est aut sequi. Est deserunt esse nam cupiditate. Occaecati esse libero nemo tenetur. Quas et ut commodi et iusto enim. Consequatur blanditiis eveniet facere voluptatem.', '2009-07-07', '2018-06-20 00:18:05', '2018-06-20 00:18:05', NULL, NULL),
(84, 2, 18, 5, 'Dr. Maiya Cremin', '1a904d688cdeeb83348ec3718554a76a.jpg', 'Eos nesciunt fugit et ducimus. Et impedit consequatur ut cupiditate labore aut ut. Sunt quibusdam voluptatum sed in minus. Ex fuga et ratione incidunt dolore accusamus ea autem. Ea in at fugiat. In doloremque facere aut error voluptate veritatis veniam amet. Deserunt sed eveniet molestias deleniti et recusandae.', '1993-12-16', '2018-06-20 00:18:05', '2018-06-20 00:18:05', NULL, NULL),
(85, 47, 14, 3, 'Prof. Morgan McLaughlin V', '0166b2243823baece5992917d1e0c9d1.jpg', 'Blanditiis quis dolor nihil vel. Eos incidunt ipsum cumque nesciunt architecto quis sequi.', '2011-05-02', '2018-06-20 00:18:05', '2018-06-20 00:18:05', NULL, NULL),
(86, 9, 41, 10, 'Dr. Isobel Dach I', 'c985437e9bffef1b0c5cf7dd6208b47a.jpg', 'Voluptatum voluptas fugit sint. Dicta dolores blanditiis est est. Facere molestiae animi est quae rerum inventore debitis. Qui velit inventore ea.', '1970-03-03', '2018-06-20 00:18:06', '2018-06-20 00:18:06', NULL, NULL),
(87, 38, 28, 2, 'Mr. Wilburn Klocko II', '731c9d2e991a1bf8d7508015d86fc3bb.jpg', 'Suscipit doloribus incidunt quibusdam occaecati. Inventore exercitationem illum vero. Ratione et doloribus vero. Voluptatem et nam nisi et eos. Maxime quis aut optio. Commodi et unde harum. Sit voluptates necessitatibus accusantium architecto dolores expedita ipsum.', '1987-08-11', '2018-06-20 00:18:06', '2018-06-20 00:18:06', NULL, NULL),
(88, 43, 16, 3, 'Damon Brakus', '2b8f2055a46ee70f9b1f6db27ec7467f.jpg', 'Fugit praesentium officia omnis optio placeat consectetur. Impedit dolor facere est autem sapiente. Ex non veritatis voluptas.', '1974-08-30', '2018-06-20 00:18:06', '2018-06-20 00:18:06', NULL, NULL),
(89, 19, 35, 7, 'Keven Schaden', '2c24e3c45c0fc1050be656d10ba8c19d.jpg', 'Iste provident rem cupiditate. Modi eum praesentium amet tempore blanditiis corrupti.', '2012-06-10', '2018-06-20 00:18:06', '2018-06-20 00:18:06', NULL, NULL),
(90, 44, 25, 10, 'Leonel Hauck DVM', '9a8060d4c6f483fdcf9687f40bc02fde.jpg', 'Occaecati sed dolorum ullam nisi et. Labore et in rerum est aut deleniti. Aliquam qui qui omnis sit doloremque eaque dicta.', '1972-10-07', '2018-06-20 00:18:06', '2018-06-20 00:18:06', NULL, NULL),
(91, 41, 8, 1, 'Megane Goodwin', 'ddff940d7db5f804bef236cf42b84ba5.jpg', 'Odio laudantium veniam nihil omnis qui odit consequatur soluta. Dolorem consequatur inventore in harum harum illo temporibus.', '2017-11-07', '2018-06-20 00:18:06', '2018-06-20 00:18:06', NULL, NULL),
(92, 24, 44, 3, 'Dale Farrell', '761bec5d561659a715236923e181ebe2.jpg', 'Corporis quisquam explicabo culpa aspernatur qui. Et asperiores velit tenetur doloribus. Odit saepe rerum rerum totam. Incidunt fugiat placeat illo ipsa placeat repudiandae. At mollitia blanditiis quis a. Ratione asperiores molestiae et.', '1981-03-09', '2018-06-20 00:18:06', '2018-06-20 00:18:06', NULL, NULL),
(93, 46, 34, 9, 'Tressa Rogahn V', '5b5622c74e43c7f52c908705bf7677ab.jpg', 'Nam dolor distinctio dolorem delectus molestiae quaerat. Maxime quisquam perferendis impedit nesciunt unde. Hic provident et eos vitae ad.', '2008-06-14', '2018-06-20 00:18:06', '2018-06-20 00:18:06', NULL, NULL),
(94, 13, 39, 3, 'Finn Goyette', '363ba78d01d14072b7a4470b9750a134.jpg', 'Culpa quaerat culpa voluptas sed quo similique. Quia est consequuntur ut odit perspiciatis laudantium.', '2004-08-23', '2018-06-20 00:18:06', '2018-06-20 00:18:06', NULL, NULL),
(95, 23, 27, 3, 'Vinnie Blick', 'ae960206ea6b5f8cdae76f9894a7bad0.jpg', 'Dicta rerum odio aut dolorum veritatis deleniti. Architecto maiores sit aperiam quibusdam corrupti. Soluta qui culpa voluptas ut nihil. Harum quam cum aut laborum voluptate distinctio veritatis aut. Ut fuga velit inventore inventore.', '1978-03-16', '2018-06-20 00:18:06', '2018-06-20 00:18:06', NULL, NULL),
(96, 35, 38, 3, 'Alvah Schulist', '3e9f4fe3ba6473aea4e9318b0d6a4e48.jpg', 'Quos quia eum qui dolore ut est sunt. Cumque voluptas rerum ut quis. Nisi unde incidunt assumenda eveniet eos. At quisquam voluptatem iste quos.', '2011-07-27', '2018-06-20 00:18:06', '2018-06-20 00:18:06', NULL, NULL),
(97, 48, 33, 7, 'Mrs. Shana Rolfson V', '5684b36382e738d4b62cc153b0ceb052.jpg', 'Non rem porro dolores perspiciatis ut sunt. Quo ad magni autem distinctio. Provident voluptatem suscipit facilis in quis voluptatem est. Possimus laudantium tenetur omnis ipsa ut voluptate. Dolorem doloremque natus tenetur provident eveniet. Ut aut alias non recusandae facilis totam. Adipisci ea natus velit ea et.', '2013-03-14', '2018-06-20 00:18:07', '2018-06-20 00:18:07', NULL, NULL),
(98, 38, 43, 1, 'Ms. Zetta Ritchie', '273df4953df46e641511fac6adee7957.jpg', 'Et est unde voluptas aliquam est voluptate. Quae fugit ipsum rerum consectetur voluptatem magni.', '1989-07-10', '2018-06-20 00:18:07', '2018-06-20 00:18:07', NULL, NULL),
(99, 47, 44, 8, 'Brielle Abshire', 'd2390619d654a9cb9bc825faf3064e34.jpg', 'Nesciunt dolor deleniti quis harum aut velit quis. Sed exercitationem commodi esse.', '1985-10-20', '2018-06-20 00:18:07', '2018-06-20 00:18:07', NULL, NULL),
(100, 36, 31, 10, 'Evalyn Eichmann Jr.', '4a98b4f6d8b218bb2c379c8be85e0402.jpg', 'Sapiente dolorem temporibus dolore qui est molestiae. Assumenda ut omnis minus accusantium. Sapiente nemo omnis asperiores illo odit adipisci similique. Non ut provident non aut. Reiciendis architecto provident deleniti ipsa facilis magnam assumenda. Qui qui omnis laboriosam accusamus nihil. Quis sed facere tenetur expedita ut omnis.', '2012-08-14', '2018-06-20 00:18:07', '2018-06-20 00:18:07', NULL, NULL),
(101, 48, 37, 3, 'Delilah Lubowitz', 'f1f3059afe4f88ac5b27158ea63d5b70.jpg', 'Modi sed qui vel possimus et laborum. Ut laboriosam adipisci quia aut totam nam odit.', '2011-05-14', '2018-06-20 00:18:07', '2018-06-20 00:18:07', NULL, NULL),
(102, 3, 46, 9, 'Miss Fatima Schroeder I', 'f6a1d5e6257c9b61d404daa9900da338.jpg', 'Alias voluptatum ab unde adipisci aut in quod. Explicabo suscipit laborum officiis ducimus commodi. Tempora rerum est pariatur molestiae sit ab occaecati.', '1988-06-21', '2018-06-20 00:18:07', '2018-06-20 00:18:07', NULL, NULL),
(103, 13, 39, 3, 'Prof. Willis Purdy', '185a1d3235181f4945613e9f1c8c3edb.jpg', 'Eos vel facilis molestiae officia ipsum dolore veniam. Quam eaque ipsam eos nam. Deleniti maiores qui maxime eaque harum beatae non qui.', '2007-11-16', '2018-06-20 00:18:07', '2018-06-20 00:18:07', NULL, NULL),
(104, 25, 36, 1, 'Syble Osinski', 'a69e94c225d71be588ae3ba6adbc7997.jpg', 'Architecto assumenda tempore error in est officiis ea. Dolor est ut debitis dolorum enim fugiat.', '1972-10-15', '2018-06-20 00:18:07', '2018-06-20 00:18:07', NULL, NULL),
(105, 45, 36, 1, 'Mr. Deontae Schumm', '4237f51027c4357f51021ae644bc7af6.jpg', 'Quae ex maxime voluptatum aliquam dolorem corporis qui consequuntur. Optio molestiae sint earum quia. Numquam eligendi at placeat ut. Similique et est itaque voluptas consequuntur quisquam consequatur est. Facere tempora esse minima consequatur voluptatibus maxime nihil.', '1983-01-13', '2018-06-20 00:18:07', '2018-06-20 00:18:07', NULL, NULL),
(106, 12, 1, 6, 'Vicky Towne', 'ed7921e7e362dd8b81fee2954fb1ea7f.jpg', 'Adipisci mollitia praesentium nam est aut natus. Rerum consequatur quo debitis.', '2004-05-06', '2018-06-20 00:18:07', '2018-06-20 00:18:07', NULL, NULL),
(107, 50, 4, 9, 'Alexie Langosh', '5064a5ec6384e370b0c79794084e968d.jpg', 'Quae ipsam minima tempore odio. Fuga exercitationem quis aut saepe et.', '2003-07-19', '2018-06-20 00:18:07', '2018-06-20 00:18:07', NULL, NULL),
(108, 13, 8, 5, 'Rex Jenkins', '5d2321a411d5bc4736177922fb65e003.jpg', 'Maiores ipsum sed dolorem quia dolore veniam. Id consequatur molestiae voluptatem nostrum omnis repudiandae. Magni quam voluptatem eius sed vitae et molestias. Veritatis eius dolorem consequatur consequatur.', '2015-03-27', '2018-06-20 00:18:07', '2018-06-20 00:18:07', NULL, NULL),
(109, 9, 16, 5, 'Haleigh Davis', 'c2668cfca60aef5b9cf0d7e3ddfdd8ad.jpg', 'Eum fugiat qui ipsam et occaecati inventore accusamus. Quia explicabo esse vero et voluptas qui. Magni exercitationem voluptas cupiditate natus dicta voluptatem. Autem ex voluptatem et debitis praesentium provident omnis. Molestias ex officia eveniet non. Possimus et ut numquam eum est.', '1990-03-27', '2018-06-20 00:18:07', '2018-06-20 00:18:07', NULL, NULL),
(110, 24, 39, 1, 'Prof. Katheryn Schoen III', 'fc5fcd281109f0aa9866c65b4b705f55.jpg', 'Velit temporibus beatae suscipit doloremque suscipit. Debitis quo quod eligendi illo facilis omnis eum. Eos dolorum recusandae animi quae sed nihil.', '2011-10-06', '2018-06-20 00:18:07', '2018-06-20 00:18:07', NULL, NULL),
(111, 19, 23, 3, 'Breanna Swift', 'daec04d274fc2bb79f2d5d7584354d04.jpg', 'Repellendus eveniet dolor omnis dolores qui modi eum. Cum sed atque consectetur et delectus libero. Culpa possimus voluptate a quisquam.', '2015-11-24', '2018-06-20 00:18:07', '2018-06-20 00:18:07', NULL, NULL),
(112, 50, 10, 8, 'Mrs. Ruthie Reichel III', 'e85890b0da818bbbf69e5c8e1b4a5f7f.jpg', 'Temporibus omnis magnam ut consectetur sed consectetur perspiciatis. Quos voluptatem doloribus doloremque omnis aut. Consequuntur natus sunt perferendis rerum voluptatibus ipsum natus.', '2017-11-16', '2018-06-20 00:18:08', '2018-06-20 00:18:08', NULL, NULL),
(113, 47, 13, 4, 'Herta Graham', '1e010f6fe03d75fa2d67071e10a99e62.jpg', 'Vel ut distinctio totam dignissimos. Saepe omnis aperiam voluptatem.', '1994-11-13', '2018-06-20 00:18:08', '2018-06-20 00:18:08', NULL, NULL),
(114, 50, 43, 9, 'Prof. Eladio Hintz', 'd4e52be8f64d153f54394d22549a5c0b.jpg', 'Molestias vitae sapiente dolore quasi eius eos repellendus. Possimus hic repellat ad laudantium sit expedita.', '1978-06-16', '2018-06-20 00:18:08', '2018-06-20 00:18:08', NULL, NULL),
(115, 47, 41, 3, 'Mr. Myles Mraz', '5276e5c6f497b7bf120bfe5fe7d456e5.jpg', 'Iusto atque voluptas sequi sed aliquam deleniti esse. Rerum consequatur corporis ipsa facere.', '1998-07-14', '2018-06-20 00:18:08', '2018-06-20 00:18:08', NULL, NULL),
(116, 34, 17, 3, 'Rickey Quitzon', 'dfcc74d003abd64bf253292fded4e4a7.jpg', 'Sint libero aut quo molestiae. Voluptas delectus id culpa est veniam ad. Qui nihil consectetur enim sit ut sed.', '1976-01-28', '2018-06-20 00:18:08', '2018-06-20 00:18:08', NULL, NULL),
(117, 29, 43, 3, 'Cyrus Abshire', '7c15e4287758067478a1f45746f8abf6.jpg', 'Voluptates laboriosam voluptatem voluptatem excepturi. Et et voluptate consequatur earum illo sunt. Itaque veritatis amet eius doloremque animi quo hic. A veniam voluptatibus consequuntur aspernatur dolorem aut rem. Dolore vero voluptate corporis. Consequatur quam neque sed.', '2001-11-16', '2018-06-20 00:18:08', '2018-06-20 00:18:08', NULL, NULL),
(118, 22, 15, 10, 'Gabe Adams', '788d432437b30c4bbad65f3cce2b5a8b.jpg', 'Sed est quaerat ut aut repellat deserunt doloremque. Perferendis facere et libero esse soluta dolore. Laudantium odit tempore est aut quia fugiat. Laboriosam et qui omnis.', '1972-04-06', '2018-06-20 00:18:08', '2018-06-20 00:18:08', NULL, NULL),
(119, 30, 25, 7, 'Alexandro Emard', '3134564fdfbafdcbb20d82419491cbce.jpg', 'Consequatur quas facere doloremque distinctio. Molestiae illo expedita ratione voluptas. Modi iusto voluptates exercitationem. Est autem ut possimus et.', '1998-09-08', '2018-06-20 00:18:08', '2018-06-20 00:18:08', NULL, NULL),
(120, 15, 35, 9, 'Dr. Oliver Mann PhD', '5de8168f0dcd45d8f5c95cede2c80084.jpg', 'Non magnam molestiae soluta. Similique nulla minima iure qui. In consequatur placeat vero doloribus fugit enim fugit. Corporis dolor sit vero asperiores.', '2018-05-14', '2018-06-20 00:18:08', '2018-06-20 00:18:08', NULL, NULL),
(121, 30, 16, 1, 'Khalil Kassulke V', '50de8b86b05ab5626273ad63a25f0bf4.jpg', 'Dolor qui ab pariatur eum ipsam non.', '2004-09-06', '2018-06-20 00:18:08', '2018-06-20 00:18:08', NULL, NULL),
(122, 12, 3, 7, 'Ms. Adrienne McLaughlin Jr.', '4e6a1a4627437a2509b70b8986d5929f.jpg', 'Aut velit et omnis.', '2005-10-28', '2018-06-20 00:18:08', '2018-06-20 00:18:08', NULL, NULL),
(123, 18, 30, 5, 'Rosina Abernathy', '25f5ab9e30766dcc8026876553a61f1b.jpg', 'Nulla enim dolores voluptate illo voluptates. Ut aut et temporibus error sunt. Iusto ea impedit aut quaerat fugit aliquam sit quaerat. Doloremque tempora voluptas et rerum.', '1999-07-06', '2018-06-20 00:18:09', '2018-06-20 00:18:09', NULL, NULL),
(124, 5, 50, 7, 'Dr. Donato Macejkovic I', 'e94985e47b4fde73f5ec8ded67bd0dc9.jpg', 'Cupiditate molestias exercitationem commodi doloribus magnam. Tempore non eveniet rerum natus consequatur dignissimos minima cupiditate. Vel aliquam commodi necessitatibus rem.', '2017-08-03', '2018-06-20 00:18:09', '2018-06-20 00:18:09', NULL, NULL),
(125, 17, 9, 10, 'Adell Kub', '53c9a18289a48bd0050620ea69828696.jpg', 'Minima laborum ab voluptas. Voluptas voluptatem earum sapiente possimus qui. Qui dolores optio quae sed excepturi id. Ab quis dolor et praesentium iste eum. Maxime assumenda velit at sed iste voluptatum. Unde et at eaque provident quia.', '1988-09-16', '2018-06-20 00:18:09', '2018-06-20 00:18:09', NULL, NULL),
(126, 41, 40, 1, 'Katharina Emard', '5609d109fb0a8b8bb4bd3a6582fe8541.jpg', 'Illo dolor ducimus totam odit saepe. Saepe dolorem qui officiis aut temporibus possimus. Nihil soluta dicta ipsam veritatis eaque eaque nihil. Sed eaque est omnis iste eum. In commodi cum ea atque.', '2008-03-22', '2018-06-20 00:18:09', '2018-06-20 00:18:09', NULL, NULL),
(127, 45, 25, 1, 'Luis Hegmann', '0b4fd8d1704db4a2542d5b449ba7c827.jpg', 'Ut sequi ea non sed. Occaecati magni ea molestias necessitatibus et sapiente. Eius vitae corrupti facere natus ab tempore ut harum.', '1980-04-28', '2018-06-20 00:18:09', '2018-06-20 00:18:09', NULL, NULL),
(128, 41, 37, 5, 'Ms. Hermina Barrows V', '74a18685aae7012836d2c7ba73e2d2dd.jpg', 'Doloribus quaerat temporibus id assumenda laborum dicta.', '1997-08-14', '2018-06-20 00:18:09', '2018-06-20 00:18:09', NULL, NULL),
(129, 20, 39, 3, 'Xavier Kutch', '0116c971b8504c76326ed1e6a35dc13e.jpg', 'Deserunt aliquid voluptas omnis. Eos perferendis harum dolorum quam. Veritatis sequi tempora ipsam rem. Exercitationem ad dignissimos iste natus aut facere. Accusamus voluptas mollitia omnis ducimus temporibus exercitationem cum qui.', '1997-03-10', '2018-06-20 00:18:09', '2018-06-20 00:18:09', NULL, NULL),
(130, 36, 45, 4, 'Brad Abshire', '62d49c390f4d1792968515b752092443.jpg', 'Amet culpa commodi magni ullam eveniet sed repellendus. Rem dolores nisi fugiat vel pariatur qui accusantium.', '1998-03-31', '2018-06-20 00:18:09', '2018-06-20 00:18:09', NULL, NULL),
(131, 21, 25, 5, 'Prof. Burdette Lehner', 'e7f652f80c4558497a04d7c5b8f01a14.jpg', 'Quis quo minus corrupti maxime tempora nemo saepe. Sequi nobis sed et rerum quos.', '2015-11-01', '2018-06-20 00:18:09', '2018-06-20 00:18:09', NULL, NULL),
(132, 5, 3, 7, 'Murl Rogahn II', '4e324503eb8b93e905b7b4f0581b40ea.jpg', 'Amet libero et doloribus explicabo. Veritatis aut illum possimus consequatur doloremque quia mollitia in. Maxime nostrum ut delectus at qui qui. Repellat est sunt porro ea officia et.', '1981-09-02', '2018-06-20 00:18:10', '2018-06-20 00:18:10', NULL, NULL),
(133, 24, 34, 10, 'Dr. Elbert Wilderman', '9ffd52ec323e31e7143057af4e94314b.jpg', 'Sunt quia voluptates quia eum. Ducimus quis amet ut.', '1991-04-22', '2018-06-20 00:18:10', '2018-06-20 00:18:10', NULL, NULL),
(134, 18, 16, 3, 'Nakia Murray', '5c82c6aa4b40598c834370f0b735e451.jpg', 'Non deserunt itaque natus accusamus cupiditate tempora aut. Voluptate dicta impedit cumque est nesciunt cupiditate reiciendis sit. Mollitia quia similique eius molestias. Voluptatem est dolorem officia aspernatur ea. Laborum optio molestiae culpa vitae. Ut numquam amet possimus non earum temporibus soluta. Maiores est voluptatem cum eum est rem.', '1970-02-16', '2018-06-20 00:18:10', '2018-06-20 00:18:10', NULL, NULL),
(135, 5, 23, 3, 'Domenick Heathcote II', 'a5fb2881f218b11db1d749e6193d3c5f.jpg', 'Consequatur neque dolor distinctio. Eos distinctio praesentium tempora commodi at.', '1987-07-30', '2018-06-20 00:18:10', '2018-06-20 00:18:10', NULL, NULL),
(136, 14, 20, 2, 'Mrs. Ottilie Kub I', 'dff04ddcf2e031f68f0847da14089986.jpg', 'Magnam inventore sit quas magnam velit id veritatis in. Aut et fuga occaecati quis ut architecto nisi. Aut voluptas dolor exercitationem ex fugit nihil. Hic aspernatur at aut pariatur. Quis in enim minima labore suscipit. Impedit est ab nobis id. Aliquid voluptas non iste deleniti voluptatem optio explicabo. Unde quia labore omnis assumenda eum vel.', '2013-03-16', '2018-06-20 00:18:10', '2018-06-20 00:18:10', NULL, NULL),
(137, 43, 33, 6, 'Shayna Konopelski', '1b2e170c0404cf6d76e84f40e2962ddf.jpg', 'Et voluptas vel asperiores. Et porro eaque et nihil nulla tempore alias enim. Nam praesentium at consequuntur dignissimos. Aspernatur ad animi cupiditate cumque. Distinctio amet minima iure perspiciatis.', '2010-02-13', '2018-06-20 00:18:10', '2018-06-20 00:18:10', NULL, NULL),
(138, 41, 23, 10, 'Miss Peggie Hyatt', '486c52e19a06fda94e24f365ba4e7ea4.jpg', 'Maiores eveniet quo incidunt laborum rerum dolores. Architecto odio commodi voluptatum aut aperiam repellat. Quis magni molestiae et alias repudiandae voluptas corporis. Fugit nemo iusto quis dolore. Tenetur id reprehenderit commodi molestiae nulla sed saepe. Commodi nemo nihil saepe ut in. Pariatur id magni cumque quasi porro eos.', '1983-08-29', '2018-06-20 00:18:10', '2018-06-20 00:18:10', NULL, NULL),
(139, 22, 44, 6, 'Pansy Jast', '9aa283bef2e8bca3b9d3103d1d9b2e56.jpg', 'Minima ea molestiae in quisquam. Omnis architecto aperiam unde et quasi. Eveniet reprehenderit nihil illum veritatis nihil illo dolorem quaerat. Aut velit porro est fugiat quibusdam consequuntur alias.', '1975-10-31', '2018-06-20 00:18:10', '2018-06-20 00:18:10', NULL, NULL),
(140, 49, 30, 4, 'Dr. Rolando Ritchie', 'f493585f3c081f3dc8b76f5105eb7691.jpg', 'Enim quia nostrum odio doloribus. Deleniti dolorem corporis quod cupiditate nemo eum. Aliquam voluptas et et qui voluptate quibusdam. Consectetur adipisci odio commodi voluptatem sapiente dolor.', '2004-03-11', '2018-06-20 00:18:10', '2018-06-20 00:18:10', NULL, NULL),
(141, 17, 10, 6, 'Monte Leuschke', '96752838a5de54e650ddcd4e07e0ed27.jpg', 'Minima officiis dicta id ipsum quia et eos. Ut nostrum voluptatibus illo vitae. Voluptas quis nobis voluptas. Voluptates vel voluptate magnam consequatur quidem alias saepe aut. Quia numquam dolorem corrupti aut non voluptatibus quisquam esse. Non commodi omnis necessitatibus eligendi dolores. Quasi nesciunt aut hic sequi.', '2011-05-04', '2018-06-20 00:18:10', '2018-06-20 00:18:10', NULL, NULL),
(142, 10, 40, 4, 'Dr. Enoch Pfannerstill', '064cf5df4c4bb620d12de9b7080baebb.jpg', 'Soluta fuga quas consequatur rerum ea. Qui repellat magni ipsa accusamus ipsum alias quam aliquam. Nostrum vitae tempore tempore odit nobis et. Dolores blanditiis quia necessitatibus et ut. Autem officiis ea quam repudiandae et aspernatur. Adipisci ut repellat ex magni pariatur amet.', '2010-09-05', '2018-06-20 00:18:10', '2018-06-20 00:18:10', NULL, NULL),
(143, 33, 11, 10, 'Mertie Kuhlman MD', 'bb4e13c4c19da5293ee90585bf58b354.jpg', 'Velit suscipit non cupiditate minima veniam facere ipsum. Tenetur dolor et dicta eos deserunt. Neque molestiae quos maiores commodi et accusamus id.', '2002-05-22', '2018-06-20 00:18:10', '2018-06-20 00:18:10', NULL, NULL),
(144, 45, 32, 6, 'Antoinette Feest', 'd5e48dbf71a3d0be67a4be3978b49ac0.jpg', 'Repudiandae doloremque ipsam et doloremque sint molestiae explicabo excepturi. Itaque soluta rerum minima odit.', '1986-12-03', '2018-06-20 00:18:10', '2018-06-20 00:18:10', NULL, NULL),
(145, 3, 28, 1, 'Mrs. Maribel Moen DDS', 'ba0e388c090a08c37a830f63d30f8d7f.jpg', 'Assumenda ipsum ut ut culpa nihil. Et vero et molestiae rerum laudantium a. Vel tempora et tempora quidem est optio laudantium. Ratione culpa ut illum ullam sit.', '1988-03-17', '2018-06-20 00:18:10', '2018-06-20 00:18:10', NULL, NULL),
(146, 1, 14, 4, 'Lilian Becker', 'cf65d7f90bf1f205f128c8543c5ae354.jpg', 'Porro perspiciatis sed labore id veniam sint consequuntur. Cumque eveniet id aut adipisci corrupti ut perferendis porro. Consequatur eius porro unde ut et voluptate et.', '1992-01-16', '2018-06-20 00:18:11', '2018-06-20 00:18:11', NULL, NULL),
(147, 34, 12, 2, 'Fiona Toy', '99417e9992d297a1ce9fefaf98a3fe7b.jpg', 'Velit minus reprehenderit asperiores iure quo est aut. Omnis ad consectetur alias accusantium. Nihil aperiam non dolorum qui numquam. Quasi in numquam laboriosam ut explicabo delectus est.', '2016-11-08', '2018-06-20 00:18:11', '2018-06-20 00:18:11', NULL, NULL),
(148, 37, 28, 5, 'Prof. Mattie Weissnat MD', '31b7e3b5c804b2a046c1081fabf582e1.jpg', 'Fuga ad fugit vel quasi accusamus. Voluptatem eveniet exercitationem nihil cupiditate voluptas. Asperiores qui fugit sit id.', '1977-08-03', '2018-06-20 00:18:11', '2018-06-20 00:18:11', NULL, NULL),
(149, 29, 44, 5, 'John O\'Keefe', '319b2a5d7ffc325520c2545e290dbb7d.jpg', 'Repellendus voluptatibus ut illo sit.', '2017-05-04', '2018-06-20 00:18:11', '2018-06-20 00:18:11', NULL, NULL),
(150, 5, 9, 4, 'Ms. Letha Kling', '5210eaec2bac850d80d252a5ef009b85.jpg', 'Qui quia praesentium recusandae quisquam. Unde illo nihil sed. Id rerum id at adipisci.', '1977-09-16', '2018-06-20 00:18:11', '2018-06-20 00:18:11', NULL, NULL),
(151, 34, 24, 10, 'Chelsie Hayes', 'd87f633ee623d9cdaf74cf2a128ffc63.jpg', 'Facilis asperiores voluptatibus ut. Incidunt quisquam libero id veritatis ad nihil laborum. Doloremque ut deserunt eius ab tenetur animi.', '2001-01-27', '2018-06-20 00:18:11', '2018-06-20 00:18:11', NULL, NULL),
(152, 44, 7, 9, 'Candida Hartmann DVM', '59929f8b93a0f877f4089667b2c7d7ad.jpg', 'Dolores et voluptatibus veniam rerum. Fugiat cumque occaecati est. Autem reiciendis quia unde sapiente mollitia.', '1992-09-02', '2018-06-20 00:18:11', '2018-06-20 00:18:11', NULL, NULL),
(153, 30, 4, 1, 'Theron Baumbach', 'ff0fb73f251dad5baba870471287a7c3.jpg', 'In dolorem optio omnis aperiam. Esse illo excepturi magni. Est et ab consequuntur vero. Ipsa dicta voluptatem veniam et.', '2018-06-14', '2018-06-20 00:18:11', '2018-06-20 00:18:11', NULL, NULL),
(154, 33, 13, 4, 'Prof. Elijah Crona PhD', '802cd259054b02ce889a268d67efee6a.jpg', 'Eligendi sunt ipsam voluptas adipisci nihil dolore sed. Eligendi dolorem id cum at soluta perferendis. Iste sapiente quae consequatur cupiditate accusantium quibusdam aut.', '2001-10-05', '2018-06-20 00:18:11', '2018-06-20 00:18:11', NULL, NULL),
(155, 38, 50, 10, 'Emily Runte', '9ef49715f5ab4677d48d6eace6c06350.jpg', 'Necessitatibus quaerat quas cum facilis accusantium. Vitae nobis et dolores fugiat quia. Ducimus explicabo quisquam ipsum aut consequatur vero reiciendis veritatis.', '1997-05-12', '2018-06-20 00:18:11', '2018-06-20 00:18:11', NULL, NULL),
(156, 23, 19, 6, 'Mckayla Hessel Sr.', 'eaf0fece56f6e6b41d1cdfda8c921575.jpg', 'Nesciunt quos dolorum officia eum earum id praesentium et. Magni aliquam quam cum deleniti. Et aut qui ipsum sit et consequatur.', '1995-07-17', '2018-06-20 00:18:11', '2018-06-20 00:18:11', NULL, NULL),
(157, 46, 35, 9, 'Buck Pollich PhD', '0de7e227f772bf4ba5f7ce88e409de60.jpg', 'Velit quia praesentium in. Veritatis veniam quam et ipsam eius. Est totam occaecati quos quia dolor. Dolorem quis et pariatur laborum. Numquam nam a sed rem eos illo. Libero eaque nostrum et quaerat.', '1985-02-06', '2018-06-20 00:18:11', '2018-06-20 00:18:11', NULL, NULL),
(158, 15, 16, 7, 'Casimir Smith', 'ee253276793acebeade8ffaab943251e.jpg', 'Dolores error odit similique adipisci. Sapiente est earum officia amet sunt ab molestiae. Libero sit doloribus ea culpa reprehenderit eius illum.', '2014-02-21', '2018-06-20 00:18:12', '2018-06-20 00:18:12', NULL, NULL),
(159, 7, 47, 2, 'Tyree Lind', '01ae82fcc869a0d70df0912e5f1067a2.jpg', 'Velit quasi debitis doloremque eius. Omnis corrupti officia minus occaecati. Ex ut expedita quibusdam dignissimos odio possimus facilis. Et quisquam et nobis reprehenderit reiciendis. Quia voluptatibus voluptatem non possimus.', '2011-01-22', '2018-06-20 00:18:12', '2018-06-20 00:18:12', NULL, NULL);
INSERT INTO `books` (`id`, `publisher_id`, `author_id`, `category_id`, `name`, `cover_path`, `description`, `publish_date`, `created_at`, `updated_at`, `created_by`, `updated_by`) VALUES
(160, 40, 25, 9, 'Novella Corkery', '0e1257e704d56580edabb7726f464fb4.jpg', 'Ducimus velit perspiciatis ut. Velit eligendi nobis ab ut exercitationem eveniet. Est sit aut ipsam placeat explicabo.', '2013-03-29', '2018-06-20 00:18:12', '2018-06-20 00:18:12', NULL, NULL),
(161, 49, 11, 9, 'Georgette Larson', '35963c2917a262d144a660c2e9b1d841.jpg', 'Rerum id delectus qui est et expedita id. Reprehenderit voluptatem molestias repellendus ea rerum iusto mollitia. Blanditiis quia magnam quia voluptas.', '1992-10-10', '2018-06-20 00:18:12', '2018-06-20 00:18:12', NULL, NULL),
(162, 30, 14, 10, 'Kaia Watsica', '7b69f19a1418b29bb6ff680307effbed.jpg', 'Vitae consectetur aut id est ducimus adipisci. Iusto doloremque est veritatis temporibus voluptatum. Id sed omnis vero est unde deserunt. Eos doloremque ad non.', '1983-09-10', '2018-06-20 00:18:12', '2018-06-20 00:18:12', NULL, NULL),
(163, 29, 10, 3, 'Anne Bayer', '4e79a8e3ae2101aedb03b7c00d8615b3.jpg', 'Voluptas non aut reiciendis dignissimos dolorem. Laboriosam voluptate esse rerum aut enim voluptate aut. Dignissimos vel aspernatur et dolorum rerum explicabo nobis.', '1979-09-21', '2018-06-20 00:18:12', '2018-06-20 00:18:12', NULL, NULL),
(164, 9, 8, 2, 'Dr. Timmy Gerlach', 'e829f488f40ac74b2b33af46fde8c8db.jpg', 'Voluptatem dignissimos quos ipsa perferendis nulla. Deserunt impedit eveniet voluptatem ex possimus earum.', '1984-02-26', '2018-06-20 00:18:12', '2018-06-20 00:18:12', NULL, NULL),
(165, 23, 8, 5, 'Shanny VonRueden', 'd11ce8783fa68526d0df4c06f79ed33d.jpg', 'Ea nulla sit libero voluptatum sit. Provident quibusdam tempore omnis et aperiam ratione. Animi esse voluptas est soluta consequatur.', '1988-11-03', '2018-06-20 00:18:12', '2018-06-20 00:18:12', NULL, NULL),
(166, 20, 35, 3, 'Genevieve Doyle', '81b3b84f3a6a5f302a5f54539697aefe.jpg', 'Molestiae et eos repellat sit aliquid. Cumque omnis voluptatem sed officia. Cupiditate illo soluta velit harum blanditiis expedita. Non at ratione repellendus sapiente quas. Et quaerat aperiam labore nulla id quo illum vel.', '1971-05-13', '2018-06-20 00:18:12', '2018-06-20 00:18:12', NULL, NULL),
(167, 32, 20, 3, 'Yadira Morar', 'd18433914f1a1240f02864793ec16663.jpg', 'Labore qui expedita fugit mollitia ab quos. Quas est asperiores facere magni corrupti aut id. Ipsam ut ipsam velit non explicabo. Impedit vitae qui debitis aspernatur sit rerum et odit. Qui blanditiis sed debitis natus ad officiis facilis est.', '1980-08-16', '2018-06-20 00:18:12', '2018-06-20 00:18:12', NULL, NULL),
(168, 5, 30, 2, 'Maurice Swift', 'cfc52d28c29617f05fb618ae06d2e4de.jpg', 'Laborum eaque officiis molestiae commodi. Totam nemo qui quo repellat quam omnis dicta ut.', '2006-03-10', '2018-06-20 00:18:12', '2018-06-20 00:18:12', NULL, NULL),
(169, 47, 12, 7, 'Dr. Ambrose Bode', '34146fb36774cbf5a94b42ad1171ff46.jpg', 'Architecto qui aut in at aut. Quo et eius dicta cumque cum ullam. Ipsum voluptatem aliquid dolorum ratione labore autem quo. Voluptatum necessitatibus consequatur quis.', '1985-10-25', '2018-06-20 00:18:12', '2018-06-20 00:18:12', NULL, NULL),
(170, 36, 8, 8, 'Cortez Murray DDS', 'abfa051a91330d72baabda31f53a5c4a.jpg', 'Molestias asperiores iure est nobis eum nisi. Sunt quasi iure id magni dolorum. Similique doloribus consectetur assumenda unde veritatis suscipit repellendus.', '2018-05-17', '2018-06-20 00:18:12', '2018-06-20 00:18:12', NULL, NULL),
(171, 10, 22, 4, 'Regan Schoen', '488a90a46748b0d23f33bebfb0f7ffd4.jpg', 'Accusantium harum doloribus quasi aspernatur expedita id. Doloremque accusantium velit voluptate ut quidem voluptas. Quia incidunt dolores ratione.', '1982-06-18', '2018-06-20 00:18:12', '2018-06-20 00:18:12', NULL, NULL),
(172, 29, 12, 4, 'Wilson Marks Jr.', '4479d72d32561ff6259363c695416ea1.jpg', 'Non omnis maxime aut non aliquid recusandae minima. Veritatis asperiores inventore et sequi et aspernatur voluptas.', '2012-06-30', '2018-06-20 00:18:12', '2018-06-20 00:18:12', NULL, NULL),
(173, 17, 32, 8, 'Cole Haag Jr.', 'b79b81547c3f5865fbcfa01b4fd546ef.jpg', 'Voluptatum odit aperiam incidunt illo corporis modi quae. Ea adipisci corporis est voluptate. Quia est repellendus mollitia numquam culpa error dolores omnis. Consequatur est dolorem rerum voluptatem neque.', '1980-07-26', '2018-06-20 00:18:12', '2018-06-20 00:18:12', NULL, NULL),
(174, 42, 33, 3, 'Major McClure', '712b4fa5dd03a8235ce4082897c840af.jpg', 'Tempora repellendus earum numquam itaque optio sit. Excepturi porro aut qui vitae fugit. Ut nihil sed ut ad.', '2015-07-05', '2018-06-20 00:18:13', '2018-06-20 00:18:13', NULL, NULL),
(175, 46, 35, 10, 'Orrin Goldner', 'e24406cfacac4a02930d5b7e0f6db0fa.jpg', 'A molestias corrupti laboriosam. Omnis molestias consequatur eveniet vero accusantium dolore. Hic soluta accusantium voluptatem. Est fugiat voluptatem et dolor non consequatur similique. Molestiae iusto natus rem soluta maxime. Dignissimos sit quia dignissimos dolorum.', '2005-04-09', '2018-06-20 00:18:13', '2018-06-20 00:18:13', NULL, NULL),
(176, 43, 11, 2, 'Dr. Crawford Glover MD', '1680face6d98e0be0c0bc6eb575d392e.jpg', 'Quia aut qui aut eos. Eos amet est enim sed architecto atque. Voluptatem blanditiis explicabo doloremque laboriosam in modi. Vitae minus et quam velit magnam quasi. Id accusantium nihil eos sit. Sit deleniti nulla voluptatem voluptatem. Perferendis non ut tempore qui rerum voluptatem iste. Qui hic sit consectetur nostrum est odio alias ab.', '1978-03-28', '2018-06-20 00:18:13', '2018-06-20 00:18:13', NULL, NULL),
(177, 24, 46, 7, 'Paula Casper', '69e01074d9b47719f2c5664d125aebde.jpg', 'Corrupti voluptas delectus tenetur corporis placeat. Et autem culpa doloremque mollitia natus commodi. Repellat laborum vero similique rerum. Cumque magni corporis qui enim velit.', '1985-04-13', '2018-06-20 00:18:13', '2018-06-20 00:18:13', NULL, NULL),
(178, 24, 18, 5, 'Alayna Weber MD', '6df06c2476d075b93078580d07ab2980.jpg', 'Qui impedit deleniti dolorem. Itaque facere eos pariatur voluptate numquam velit. Voluptatem ipsa rerum quam eum fuga modi. Eius quasi optio accusamus.', '2016-06-20', '2018-06-20 00:18:13', '2018-06-20 00:18:13', NULL, NULL),
(179, 46, 4, 4, 'Prof. Adalberto Larkin', 'e5d1ac4ed82359785134ec30b3b9a68e.jpg', 'Voluptas sed sit corrupti libero suscipit sint. Animi accusamus beatae unde repellat nulla iusto. Ab consectetur ab rerum totam. Placeat nihil est voluptatibus fuga esse placeat.', '2010-07-31', '2018-06-20 00:18:13', '2018-06-20 00:18:13', NULL, NULL),
(180, 46, 50, 2, 'Brook Renner DVM', 'e00fa6235bb1dc02ed8f1bf46e4f53f5.jpg', 'Consectetur praesentium eos enim neque dignissimos. Rerum nulla est eum tempore suscipit temporibus quae. Deserunt rerum earum deleniti ratione. Fugit fugit et aut in ut occaecati provident id. Voluptatum illum adipisci est velit.', '2004-06-26', '2018-06-20 00:18:13', '2018-06-20 00:18:13', NULL, NULL),
(181, 28, 14, 6, 'Prof. Kristopher Flatley', 'c3b2afad180ce736a0567ce523914bfc.jpg', 'Eligendi ipsam dolore omnis omnis porro eos error. Aut eos quos qui ipsum. Soluta corrupti aut velit consequatur non. Molestiae maxime in qui rerum ut odit. Autem placeat rerum numquam reprehenderit. Consequatur earum sed ratione dolor error. Veniam voluptatem quibusdam minima sed.', '1994-10-05', '2018-06-20 00:18:13', '2018-06-20 00:18:13', NULL, NULL),
(182, 39, 9, 10, 'Ethel Greenholt PhD', 'd11b7b2ec68210db2be5c06d16890395.jpg', 'Tenetur molestiae nesciunt quae impedit autem fugit. Quod molestiae et numquam non id.', '1987-01-20', '2018-06-20 00:18:13', '2018-06-20 00:18:13', NULL, NULL),
(183, 36, 8, 7, 'Wellington Krajcik', 'fd7227a81672ab83041830beb24bc868.jpg', 'Illo totam ea accusamus. Quis possimus quo qui quo totam. Recusandae aliquid nostrum inventore qui et maiores. Qui beatae cum consequatur ut.', '1971-10-16', '2018-06-20 00:18:14', '2018-06-20 00:18:14', NULL, NULL),
(184, 3, 47, 2, 'Jerrell Schulist', '036e2f5e69d4c327286265fd1c9f9409.jpg', 'Vel non est omnis numquam quaerat recusandae quam. Est et delectus illo non ut. Rerum soluta quisquam dolor. Voluptatem dolorem est doloremque accusamus qui impedit voluptatem aperiam.', '1997-04-11', '2018-06-20 00:18:14', '2018-06-20 00:18:14', NULL, NULL),
(185, 19, 14, 3, 'Mireille Ledner', '37c7c9181de35e9d5fd1d917bc0e0da1.jpg', 'Sequi in laborum rerum aperiam. Odit laboriosam aut distinctio voluptas. Quos minima maxime sunt qui quia iste alias. Rem veniam culpa labore corrupti.', '1999-01-17', '2018-06-20 00:18:14', '2018-06-20 00:18:14', NULL, NULL),
(186, 33, 25, 4, 'Ms. Alison Barton', '624539a0297ebc27f3f17c6c254ba956.jpg', 'Velit ullam expedita natus sunt harum deserunt. Deleniti occaecati dolorem dolores voluptatum. Autem aut omnis illum.', '1970-09-24', '2018-06-20 00:18:14', '2018-06-20 00:18:14', NULL, NULL),
(187, 2, 11, 8, 'Kurt Durgan', '6ed738c5c22395a91cf02d02cae51e08.jpg', 'Vel esse aut odio velit soluta sapiente.', '2004-07-01', '2018-06-20 00:18:14', '2018-06-20 00:18:14', NULL, NULL),
(188, 5, 18, 8, 'Dr. Adrien Welch PhD', '3f43f24b5e7a26afb9dc50481654f5af.jpg', 'Quisquam ut aliquid sunt quo explicabo corporis.', '1970-08-21', '2018-06-20 00:18:14', '2018-06-20 00:18:14', NULL, NULL),
(189, 26, 6, 7, 'Prof. Ford Wisozk I', '1309a3f370ee1384cffb2f5aafd876c6.jpg', 'Non consequatur et officia est deserunt dolor laborum. Quia accusantium ex aspernatur soluta qui eos. Natus impedit consectetur velit reiciendis molestiae.', '2014-03-08', '2018-06-20 00:18:14', '2018-06-20 00:18:14', NULL, NULL),
(190, 38, 10, 5, 'Prof. August Thiel', '5a8768242fd5f20d90e7a70fcd581fd6.jpg', 'Ad optio quisquam et. Tempore est libero minus voluptatem. Similique autem officia quaerat tempore veritatis eveniet iste. Alias ea explicabo asperiores aliquam. Architecto delectus et aliquid iusto quia assumenda excepturi. Ut atque qui officia consequatur officiis.', '1999-05-29', '2018-06-20 00:18:14', '2018-06-20 00:18:14', NULL, NULL),
(191, 2, 48, 6, 'Giles Schumm', '475f1bab911e29a64da633633fc29757.jpg', 'Dolorem quis voluptas tenetur consectetur et. Qui ut id voluptatem facere nam dolorem velit. Amet ullam voluptatibus odio sunt error eos. Voluptas consequatur hic vel sunt aperiam quia non. Omnis quae consequatur quas sint voluptas.', '2002-05-24', '2018-06-20 00:18:14', '2018-06-20 00:18:14', NULL, NULL),
(192, 39, 17, 8, 'Ms. Beryl Breitenberg V', '1fa8465526faf750bb182b44e296847c.jpg', 'Est fuga velit qui corporis ullam. Blanditiis in eum omnis a expedita.', '1971-12-09', '2018-06-20 00:18:14', '2018-06-20 00:18:14', NULL, NULL),
(193, 28, 4, 9, 'Cooper Breitenberg', 'e316dde5b687278f7501beb061f127ac.jpg', 'Praesentium nesciunt distinctio rem temporibus dolorem numquam. Ducimus ipsa cupiditate nemo fuga qui quidem et. Et perferendis dolore voluptatem quo nesciunt necessitatibus. Ut quidem porro sapiente quasi. Officiis commodi et quae eos.', '1979-06-14', '2018-06-20 00:18:14', '2018-06-20 00:18:14', NULL, NULL),
(194, 46, 33, 5, 'Prof. Garett Franecki MD', '2f2d22b0f1f9ba4875306c4abe820804.jpg', 'Laborum qui aut debitis quia velit reprehenderit est. Dolorem consectetur quibusdam ab dolore voluptas et eius. Saepe facilis animi rem tenetur repellendus cum eos id. Distinctio illo veritatis rerum voluptatem sed impedit.', '1992-01-30', '2018-06-20 00:18:14', '2018-06-20 00:18:14', NULL, NULL),
(195, 24, 24, 5, 'Keara Zemlak', '898aab134b1878dd92d552c30a3cd5a9.jpg', 'Eum magni sint impedit velit qui velit. Adipisci beatae consequatur qui cum voluptatem nulla commodi.', '1972-08-05', '2018-06-20 00:18:15', '2018-06-20 00:18:15', NULL, NULL),
(196, 14, 14, 1, 'Prof. Bessie Mante', 'c376032ae73a283ae9264d054552cb4a.jpg', 'Et rem iure est. Vitae alias in nobis perspiciatis nemo nam voluptatem.', '1977-12-22', '2018-06-20 00:18:15', '2018-06-20 00:18:15', NULL, NULL),
(197, 24, 7, 9, 'Mr. Torrance McCullough', '89469c9f52662c6110beca430a5b30ea.jpg', 'Deserunt sequi expedita occaecati laudantium. Consequatur sed rerum enim expedita. Ducimus nesciunt consectetur et voluptatem alias quasi et. Et est et consequatur corporis.', '2016-02-21', '2018-06-20 00:18:15', '2018-06-20 00:18:15', NULL, NULL),
(198, 37, 22, 7, 'Alexane Bruen', 'fd8df63c4e6ba0766759f5025c76d0b6.jpg', 'Et optio tempora quis qui omnis aspernatur ut.', '1982-05-19', '2018-06-20 00:18:15', '2018-06-20 00:18:15', NULL, NULL),
(199, 14, 31, 1, 'Celestino Roob', '7e532e51c752f779f1bf0f9741255b3a.jpg', 'Consectetur exercitationem sapiente rem accusantium doloremque deleniti explicabo. Sit aut labore est voluptas aut est veritatis corporis. Molestiae ut est sunt ad distinctio. Deserunt non unde tempora aut labore excepturi et saepe.', '2007-09-08', '2018-06-20 00:18:15', '2018-06-20 00:18:15', NULL, NULL),
(200, 15, 11, 9, 'Mrs. Alfreda Stehr', '94b70e13ba19a0e70fcc6cd075fe910a.jpg', 'Iure ipsam laboriosam harum magnam dolores. Et facere dicta neque sit. Et et deleniti voluptatem deleniti. Reprehenderit eos qui commodi. Ipsa nihil esse natus eos. Quia excepturi libero vitae.', '1975-10-15', '2018-06-20 00:18:15', '2018-06-20 00:18:15', NULL, NULL);

-- --------------------------------------------------------

--
-- Table structure for table `categories`
--

CREATE TABLE `categories` (
  `id` int(11) NOT NULL,
  `name` varchar(100) COLLATE utf8_bin DEFAULT NULL,
  `description` text COLLATE utf8_bin,
  `created_at` datetime DEFAULT NULL,
  `updated_at` datetime DEFAULT NULL,
  `created_by` varchar(100) COLLATE utf8_bin DEFAULT NULL,
  `updated_by` varchar(100) COLLATE utf8_bin DEFAULT NULL
) ENGINE=InnoDB DEFAULT CHARSET=utf8 COLLATE=utf8_bin;

--
-- Dumping data for table `categories`
--

INSERT INTO `categories` (`id`, `name`, `description`, `created_at`, `updated_at`, `created_by`, `updated_by`) VALUES
(1, 'history', 'Odio et voluptatem magnam magnam adipisci modi vero. Ea maxime eius aliquid et molestiae pariatur. Ut voluptatem qui nulla.', '2018-06-20 00:14:26', '2018-06-20 00:14:26', NULL, NULL),
(2, 'math', 'Occaecati molestias quo qui ratione. Ut id optio neque aut. Totam animi et ipsum eveniet minima rerum at.', '2018-06-20 00:14:26', '2018-06-20 00:14:26', NULL, NULL),
(3, 'pysics', 'Sunt minus et eos quam facere. Odio dicta voluptatibus veritatis qui rerum inventore. Earum expedita harum quae.', '2018-06-20 00:14:26', '2018-06-20 00:14:26', NULL, NULL),
(4, 'nature', 'Distinctio quaerat est incidunt non dolor minus quaerat ut. Nam nostrum consequatur voluptas ut id et repudiandae mollitia. Sunt id dolor rerum a fuga enim perferendis modi. Quas corporis et facilis omnis dignissimos molestiae.', '2018-06-20 00:14:26', '2018-06-20 00:14:26', NULL, NULL),
(5, 'humen resources', 'Minus et veritatis vel et et ipsam. Velit eos dolor placeat praesentium. Laborum cumque ipsa commodi tempora iusto.', '2018-06-20 00:14:26', '2018-06-20 00:14:26', NULL, NULL),
(6, 'animals', 'In hic ea dolorum earum voluptatem. Autem et quia quos.', '2018-06-20 00:14:26', '2018-06-20 00:14:26', NULL, NULL),
(7, 'childrens', 'Autem eligendi sed alias commodi odio omnis. Minima itaque et reiciendis recusandae voluptas sed molestiae. Veniam voluptatem nihil atque quisquam qui iure ut numquam. Tempora qui voluptate magnam a. Reiciendis laborum qui cumque ullam. Sit iusto rerum nihil.', '2018-06-20 00:14:26', '2018-06-20 00:14:26', NULL, NULL),
(8, 'drama', 'Nobis optio ad non quisquam. Expedita voluptas blanditiis consequuntur autem excepturi molestiae. Sunt porro repellat culpa qui. Earum distinctio nam ducimus nihil est possimus. Et suscipit quidem totam inventore iure doloremque nulla eos.', '2018-06-20 00:14:26', '2018-06-20 00:14:26', NULL, NULL),
(9, 'novels', 'Culpa consequuntur soluta sunt architecto et. Ducimus quo et ab earum perspiciatis. Sapiente perferendis consectetur repudiandae error. Illum ad officiis adipisci omnis harum illum ipsum.', '2018-06-20 00:14:26', '2018-06-20 00:14:26', NULL, NULL),
(10, 'music', 'Officiis autem sequi consectetur dolores eveniet. Molestiae perspiciatis fugiat ut et quae quo. Quia impedit quis aut ipsa excepturi.', '2018-06-20 00:14:26', '2018-06-20 00:14:26', NULL, NULL);

-- --------------------------------------------------------

--
-- Table structure for table `migrations`
--

CREATE TABLE `migrations` (
  `id` int(10) UNSIGNED NOT NULL,
  `migration` varchar(191) COLLATE utf8mb4_unicode_ci NOT NULL,
  `batch` int(11) NOT NULL
) ENGINE=InnoDB DEFAULT CHARSET=utf8mb4 COLLATE=utf8mb4_unicode_ci;

-- --------------------------------------------------------

--
-- Table structure for table `password_resets`
--

CREATE TABLE `password_resets` (
  `email` varchar(191) COLLATE utf8mb4_unicode_ci NOT NULL,
  `token` varchar(191) COLLATE utf8mb4_unicode_ci NOT NULL,
  `created_at` timestamp NULL DEFAULT NULL
) ENGINE=InnoDB DEFAULT CHARSET=utf8mb4 COLLATE=utf8mb4_unicode_ci;

-- --------------------------------------------------------

--
-- Table structure for table `publishers`
--

CREATE TABLE `publishers` (
  `id` int(11) NOT NULL,
  `name` varchar(100) COLLATE utf8_bin DEFAULT NULL,
  `address` varchar(255) COLLATE utf8_bin DEFAULT NULL,
  `description` text COLLATE utf8_bin,
  `phone_number` varchar(32) COLLATE utf8_bin DEFAULT NULL,
  `establish_date` date DEFAULT NULL,
  `created_at` datetime DEFAULT NULL,
  `updated_at` datetime DEFAULT NULL,
  `created_by` varchar(100) COLLATE utf8_bin DEFAULT NULL,
  `updated_by` varchar(100) COLLATE utf8_bin DEFAULT NULL
) ENGINE=InnoDB DEFAULT CHARSET=utf8 COLLATE=utf8_bin;

--
-- Dumping data for table `publishers`
--

INSERT INTO `publishers` (`id`, `name`, `address`, `description`, `phone_number`, `establish_date`, `created_at`, `updated_at`, `created_by`, `updated_by`) VALUES
(1, 'debitis', '234 Pollich Bridge\nNorth Zane, MA 46845', 'Itaque quidem itaque enim aut. Quia est officiis sed eos optio ea. Voluptatibus neque quos quisquam asperiores voluptatum enim officia.', '+1 (608) 255-1915', '1985-02-20', '2018-06-20 00:14:42', '2018-06-20 00:14:42', NULL, NULL),
(2, 'tenetur', '3910 Euna Causeway\nGenesisfurt, AK 08455', 'Sequi ut dicta quibusdam dolores sit. Eum nihil rem reprehenderit occaecati reiciendis quidem harum. Velit aut laboriosam possimus quo officiis. Cum vero veritatis dignissimos et aspernatur sunt quibusdam.', '+1-431-854-1745', '2003-07-22', '2018-06-20 00:14:43', '2018-06-20 00:14:43', NULL, NULL),
(3, 'cum', '22839 Grant Grove Suite 169\nBogantown, NV 70346', 'Voluptatem vel libero vel sit consequatur quo. Eveniet et iure voluptas illo libero in excepturi.', '1-623-505-3412', '1996-09-28', '2018-06-20 00:14:43', '2018-06-20 00:14:43', NULL, NULL),
(4, 'tempora', '9946 Sherman Points\nMonserratborough, NC 28847-4308', 'Velit est praesentium neque dolorem. Repellendus ab velit repudiandae unde.', '910-566-2422 x553', '1977-07-02', '2018-06-20 00:14:43', '2018-06-20 00:14:43', NULL, NULL),
(5, 'ipsa', '3351 Barney Vista\nLake Angeline, ME 46211', 'Qui nostrum inventore nobis et consequatur. Voluptate perferendis ipsum ratione sed fuga fugit. Beatae nobis quisquam asperiores quidem consequatur. Rerum enim odit non quo quia consequatur perferendis.', '+14949173866', '1995-07-22', '2018-06-20 00:14:43', '2018-06-20 00:14:43', NULL, NULL),
(6, 'sit', '8461 Labadie Divide Suite 589\nTorpshire, MT 96747', 'Omnis aut dolores suscipit. Explicabo ut aut consequatur amet nesciunt consequuntur.', '(683) 854-1979', '2005-02-06', '2018-06-20 00:14:43', '2018-06-20 00:14:43', NULL, NULL),
(7, 'sunt', '1276 Harmony Crossroad Suite 828\nVeldaburgh, CT 47956', 'Et et quis voluptas quia vel et reiciendis dolorem. Dolores amet doloribus placeat aperiam. Accusantium ea quas maiores assumenda itaque quo delectus suscipit. Enim saepe ut tempora sapiente itaque cum tempora.', '937.612.1873 x5014', '1996-05-20', '2018-06-20 00:14:44', '2018-06-20 00:14:44', NULL, NULL),
(8, 'aut', '5915 Genevieve Points Apt. 829\nWest Adolphusborough, KS 32209', 'Praesentium veritatis nihil sed qui. Atque explicabo alias laudantium magni. Sapiente in excepturi error dicta earum voluptatibus quia. Earum esse optio architecto ut quaerat sed ex.', '(558) 754-9149 x8977', '1985-06-28', '2018-06-20 00:14:44', '2018-06-20 00:14:44', NULL, NULL),
(9, 'fugit', '18148 Pfannerstill Creek Apt. 793\nNorth Sarinaborough, WY 79613-4356', 'Magni doloribus minima quo eum aut. Animi adipisci cupiditate perspiciatis perferendis sint. Architecto est ut et incidunt possimus hic provident. Repellendus quia tempora ipsam consequatur in.', '+1-742-795-3269', '2006-02-03', '2018-06-20 00:14:44', '2018-06-20 00:14:44', NULL, NULL),
(10, 'et', '16784 Ezekiel Isle\nSouth Leliaberg, AK 66850', 'Tempore dolores reiciendis et. Et quam labore suscipit qui. Natus autem debitis itaque consequatur suscipit.', '405.426.8722', '2000-08-11', '2018-06-20 00:14:44', '2018-06-20 00:14:44', NULL, NULL),
(11, 'minima', '423 Howard Heights\nFritzton, MN 03495-7086', 'Quaerat et voluptates modi velit. Culpa sit quidem ipsam. Impedit esse rerum minus doloremque rerum illo fugiat qui.', '+1 (721) 392-7782', '1970-06-22', '2018-06-20 00:14:44', '2018-06-20 00:14:44', NULL, NULL),
(12, 'quam', '785 Lamont Wall\nNew Donna, DE 18940-2733', 'Dolores dolorem quo cupiditate tempore ut repellendus ipsum. Quos aut est eius qui sint aperiam.', '402-900-8854', '1984-01-23', '2018-06-20 00:14:44', '2018-06-20 00:14:44', NULL, NULL),
(13, 'voluptas', '26227 Angelita Ranch\nJosianemouth, AZ 25277-7265', 'Saepe a delectus adipisci et. Qui nisi sunt quas libero placeat. Ut aperiam aperiam aliquam nihil ipsum deleniti in.', '252.710.5877', '1992-11-07', '2018-06-20 00:14:44', '2018-06-20 00:14:44', NULL, NULL),
(14, 'explicabo', '753 Hammes Cape\nDanielville, ND 60159', 'Sit iure aut libero quod.', '390.867.3212 x60640', '1983-12-13', '2018-06-20 00:14:44', '2018-06-20 00:14:44', NULL, NULL),
(15, 'autem', '7077 Oberbrunner Expressway Suite 680\nMosciskiville, KS 55654', 'Aut non aut voluptatibus perspiciatis. Vel nobis deleniti quibusdam sed dolorum laborum id.', '939-340-2940 x0510', '1996-11-15', '2018-06-20 00:14:44', '2018-06-20 00:14:44', NULL, NULL),
(16, 'quisquam', '801 Stephanie Burg\nSouth Adell, NV 45271-5100', 'Non quae saepe laborum sint qui et. Maiores quia in fuga. Ea enim voluptatem eum ipsam. Id nihil eum non quas alias et accusantium. Esse sunt iure rerum et similique perferendis. Quia sed similique dolores nulla. Quo minima nihil nulla aut et velit neque.', '+1 (346) 651-4085', '1992-06-19', '2018-06-20 00:14:44', '2018-06-20 00:14:44', NULL, NULL),
(17, 'consequatur', '8613 Lindsay Drive\nFlatleyport, OR 91042-8768', 'Harum laboriosam libero rerum et perspiciatis. Error ad vero et provident quisquam. Quia ratione ut quaerat necessitatibus ea enim praesentium.', '1-880-994-9218 x15273', '1985-10-10', '2018-06-20 00:14:44', '2018-06-20 00:14:44', NULL, NULL),
(18, 'iure', '38227 Ofelia Springs\nEast Blanca, MN 05762', 'Reiciendis laboriosam repellendus et est reiciendis. Repellendus reiciendis omnis hic doloribus qui. Adipisci vel quod ad aliquam ipsa omnis non.', '604-692-5493', '1970-04-18', '2018-06-20 00:14:44', '2018-06-20 00:14:44', NULL, NULL),
(19, 'et', '107 Renner Cove Suite 583\nLake Devenfort, UT 75659-4594', 'Laudantium distinctio aut delectus. Ab asperiores iure amet aut ea porro. Ex non eum minima voluptatibus aut. Consectetur fuga tempore velit ullam molestiae consectetur. Quis pariatur libero doloribus aut.', '(263) 236-6144 x413', '2000-02-05', '2018-06-20 00:14:44', '2018-06-20 00:14:44', NULL, NULL),
(20, 'ut', '682 McDermott Rue Suite 742\nEast Darienborough, NJ 96751-8529', 'Ea quasi aut ipsa possimus eius. Nihil vel sit in fugiat. Aut ullam sapiente at sequi.', '737.459.1223 x5473', '1974-07-23', '2018-06-20 00:14:44', '2018-06-20 00:14:44', NULL, NULL),
(21, 'voluptatem', '61615 Abdul Loop Apt. 187\nWest Benjamin, SD 71618', 'Sed et facilis repellendus asperiores qui eos. Explicabo non sit aliquid similique quidem blanditiis dicta.', '(237) 607-4118 x077', '1995-10-17', '2018-06-20 00:14:45', '2018-06-20 00:14:45', NULL, NULL),
(22, 'est', '7833 Watsica Circles Suite 729\nLavinaville, DE 28052-8919', 'Quia totam eius quasi ut iste nam. Rem iure rerum sint exercitationem quia veritatis voluptatibus. Omnis error maiores voluptatibus possimus. Ea adipisci sunt et praesentium dolores voluptates. Et maiores vitae aspernatur quaerat harum ullam veritatis.', '303-349-5752', '2010-06-14', '2018-06-20 00:14:45', '2018-06-20 00:14:45', NULL, NULL),
(23, 'est', '6078 Bettie Island Suite 351\nRusselberg, MN 19041-5746', 'Consectetur laborum suscipit veritatis et aut laborum non. Assumenda omnis sed qui mollitia molestias rerum quasi. Veniam cum dolor enim et aut qui vero. Nemo occaecati iste odit odit quos consequuntur. Aperiam debitis qui voluptatibus est. Officiis quia nostrum voluptatem at.', '+1 (368) 669-9758', '1998-07-13', '2018-06-20 00:14:45', '2018-06-20 00:14:45', NULL, NULL),
(24, 'ipsam', '6278 Gibson Vista Suite 380\nCormierburgh, ND 68079-2377', 'Quidem delectus quia quidem itaque quos quisquam quia. Nostrum veritatis non maiores laboriosam iste iure.', '849-331-4738', '2000-05-30', '2018-06-20 00:14:45', '2018-06-20 00:14:45', NULL, NULL),
(25, 'voluptas', '477 Madie Walks\nPort Dannie, RI 16887-3571', 'Facilis optio exercitationem aperiam quo eius consectetur ipsam. Minus laboriosam vel omnis temporibus sed provident et. Maiores qui aut laborum accusantium veritatis voluptatem ut.', '(847) 630-4223', '1974-10-08', '2018-06-20 00:14:45', '2018-06-20 00:14:45', NULL, NULL),
(26, 'voluptatibus', '79870 DuBuque Circle\nJenniechester, ND 16038', 'Quos et modi accusantium. Tenetur tempora perferendis et. A reiciendis ut tempora aut ex laborum. Pariatur qui et et esse voluptatem.', '302-451-2990 x5492', '2006-03-14', '2018-06-20 00:14:45', '2018-06-20 00:14:45', NULL, NULL),
(27, 'sed', '75783 Durgan Spur Apt. 723\nVladimirside, SC 46543-1433', 'Voluptas nesciunt qui voluptas architecto accusamus aspernatur. Dicta est commodi quos ad est vero sint. Aliquid ut aliquid perferendis sequi fugit. Ut aut et esse quae suscipit. Laudantium animi aut explicabo ad omnis iure fugit.', '524.419.4581', '2001-03-06', '2018-06-20 00:14:45', '2018-06-20 00:14:45', NULL, NULL),
(28, 'distinctio', '63426 Sanford Mall\nJarodfurt, NE 59790-1270', 'Sit debitis tenetur tenetur dicta.', '235-777-8596', '1988-11-05', '2018-06-20 00:14:45', '2018-06-20 00:14:45', NULL, NULL),
(29, 'quas', '91440 Dickinson Street\nPort Annaliseberg, CT 28662', 'Quasi quam ipsa rerum eveniet quam. Magni sapiente quo eveniet et. Voluptate molestias nam esse ducimus laborum est aspernatur. Aut exercitationem placeat quasi.', '1-391-501-3156', '1987-12-09', '2018-06-20 00:14:45', '2018-06-20 00:14:45', NULL, NULL),
(30, 'voluptate', '68114 Gleichner Spur\nSouth Shana, VT 91919', 'Vero recusandae nemo possimus. Hic tempora nihil vel modi qui eos aut animi.', '576.514.7532 x47197', '2004-04-16', '2018-06-20 00:14:45', '2018-06-20 00:14:45', NULL, NULL),
(31, 'quam', '358 Kirlin Islands Apt. 135\nAuerfurt, ME 90658-4298', 'Ea iusto asperiores recusandae esse laudantium dolores quod soluta. Eum et dolor vel et error illum. Placeat explicabo ut rerum consequatur.', '657-300-2401 x49148', '2010-06-26', '2018-06-20 00:14:46', '2018-06-20 00:14:46', NULL, NULL),
(32, 'atque', '5467 Block Brooks Suite 616\nNew Orafort, IL 42587', 'Sit labore sunt occaecati nobis aut voluptas. Et dolor iste occaecati ad error repellendus est. Quia quo tenetur ratione corrupti error. Laborum soluta enim qui nisi quaerat est. In consequatur eveniet quibusdam dicta facere.', '+1 (967) 859-6047', '1987-07-02', '2018-06-20 00:14:46', '2018-06-20 00:14:46', NULL, NULL),
(33, 'odio', '419 Cristal Fields Suite 915\nMcGlynnberg, MD 57078', 'Culpa necessitatibus necessitatibus ab aut voluptas et. Necessitatibus eveniet ipsum inventore dolorem id quis molestiae. Suscipit odio quod voluptas dolorum ipsum aut. Velit iusto incidunt esse magni temporibus. Voluptas quaerat commodi iste praesentium ducimus harum.', '1-403-379-0588', '1980-10-31', '2018-06-20 00:14:46', '2018-06-20 00:14:46', NULL, NULL),
(34, 'exercitationem', '51581 Gaylord Parkway Apt. 965\nPort Damaris, NC 59562', 'Qui omnis incidunt ducimus et sapiente. Sit et quis labore qui placeat unde eaque.', '1-704-816-9479 x924', '2010-04-24', '2018-06-20 00:14:46', '2018-06-20 00:14:46', NULL, NULL),
(35, 'aut', '67726 Tyrell Shoal Suite 676\nKuhnland, MT 27403-1878', 'Modi quo dicta facere aut ex maiores. Id rerum et quam non.', '+1.391.831.8396', '1999-02-17', '2018-06-20 00:14:46', '2018-06-20 00:14:46', NULL, NULL),
(36, 'praesentium', '78672 Adolfo Parkway Apt. 124\nWest Enidland, MN 94691-5078', 'Doloribus quaerat in vero error aut recusandae. Veniam aut temporibus tempora eum.', '451.669.9962', '1992-04-15', '2018-06-20 00:14:46', '2018-06-20 00:14:46', NULL, NULL),
(37, 'aut', '34769 Mallory Estate\nWest Norrisstad, WA 03707', 'Et optio consequatur aut provident labore. Eum culpa esse necessitatibus ipsum non molestias earum. Doloribus quo aliquam quam temporibus earum et. Omnis alias quisquam ut qui. Dolore id distinctio laborum incidunt tempora inventore.', '267-381-1115', '2008-06-20', '2018-06-20 00:14:46', '2018-06-20 00:14:46', NULL, NULL),
(38, 'sint', '40790 Kiara Junctions Suite 553\nNew Jessmouth, KS 27486', 'Ipsam nisi et quia magni laboriosam dolor officia ab. Consequatur sint sed possimus qui voluptatibus voluptas debitis. Omnis sed odit nulla doloremque.', '878.477.3282 x23210', '2010-03-27', '2018-06-20 00:14:46', '2018-06-20 00:14:46', NULL, NULL),
(39, 'consequatur', '6955 Stamm Streets Suite 753\nPort Shaniyahaven, ID 60429', 'Expedita sed eos saepe et ipsam aut sed dignissimos. Eos nihil id sit.', '(430) 889-6342', '1973-06-11', '2018-06-20 00:14:46', '2018-06-20 00:14:46', NULL, NULL),
(40, 'assumenda', '821 Schuppe Run\nStrackeport, MO 97053', 'Minima libero voluptatum dolorum eum et repudiandae architecto. Ipsa iure sit est beatae voluptatibus.', '358-388-9672 x49386', '1988-11-05', '2018-06-20 00:14:47', '2018-06-20 00:14:47', NULL, NULL),
(41, 'placeat', '744 Hyatt Land Suite 635\nHeidenreichmouth, CA 09452', 'Rem fugiat atque ullam ut magni ut. Illum eos voluptate ea modi quia non tempora. Ratione quasi saepe saepe nulla qui animi. Quae nihil dolorum quod consequuntur laudantium.', '(217) 782-2364 x9658', '1986-06-03', '2018-06-20 00:14:47', '2018-06-20 00:14:47', NULL, NULL),
(42, 'voluptatem', '352 Albert Forks Suite 547\nSouth Zoey, OK 43012', 'Repellendus quis numquam et qui cupiditate nam eum. Et quia quia qui laudantium architecto. Rerum tempora id veniam dolores voluptas.', '(871) 780-2234 x72144', '2007-07-09', '2018-06-20 00:14:47', '2018-06-20 00:14:47', NULL, NULL),
(43, 'est', '3106 Cormier Alley Apt. 088\nMollychester, DE 65343', 'Culpa explicabo officiis quia et nesciunt consequatur. Neque est reiciendis occaecati et sit. Incidunt laudantium nisi expedita quibusdam.', '(705) 291-8885', '1983-06-17', '2018-06-20 00:14:47', '2018-06-20 00:14:47', NULL, NULL),
(44, 'quibusdam', '81050 Funk Grove Apt. 596\nNew Annamouth, NV 64660-0381', 'Corrupti nulla tenetur minus alias cumque delectus voluptatem quis. Quisquam est necessitatibus inventore. Assumenda aliquid reiciendis cum.', '609-787-1034 x7188', '1978-07-17', '2018-06-20 00:14:47', '2018-06-20 00:14:47', NULL, NULL),
(45, 'dolores', '2854 Rippin Causeway\nLake Robbietown, VT 41401-9041', 'Est consequatur in omnis quas perspiciatis debitis. Labore molestias dicta et maiores sint veritatis est.', '1-916-740-5849', '1973-06-18', '2018-06-20 00:14:47', '2018-06-20 00:14:47', NULL, NULL),
(46, 'vitae', '3983 Harris Plaza\nTodchester, KS 46001-8192', 'Ullam iure et quasi. Deserunt dolorum voluptatem dolores dignissimos modi cupiditate. Minus omnis deleniti ut perspiciatis placeat quo.', '(636) 262-7772 x504', '2014-10-20', '2018-06-20 00:14:47', '2018-06-20 00:14:47', NULL, NULL),
(47, 'perspiciatis', '4128 Bella Trail Suite 298\nMaggiefurt, OH 20713', 'Minima quam consequatur et exercitationem explicabo fugiat natus. Aliquam doloremque recusandae nemo a ipsam qui sint. Deleniti eum ab omnis autem minus. Rem reprehenderit et ipsum ut similique.', '1-659-771-5815 x96515', '1972-10-07', '2018-06-20 00:14:47', '2018-06-20 00:14:47', NULL, NULL),
(48, 'velit', '2040 Gutmann Parkway\nFletaland, AR 77475', 'Ut asperiores consequatur aspernatur qui et. Magnam minima alias sit nihil. Ut fugit quaerat asperiores et ab doloremque.', '920-975-8364 x73049', '2007-08-14', '2018-06-20 00:14:47', '2018-06-20 00:14:47', NULL, NULL),
(49, 'qui', '39480 Macejkovic Isle\nHeidimouth, MI 20675', 'Ipsum tempore quia cumque aut qui hic recusandae.', '968-558-1770 x0812', '2006-08-22', '2018-06-20 00:14:48', '2018-06-20 00:14:48', NULL, NULL),
(50, 'sit', '443 Fahey Mount Apt. 273\nShanelberg, OR 31674-9095', 'Vitae autem velit quas. Sit sit debitis delectus soluta sed corrupti aut. Amet illo enim sunt qui nobis deserunt illum omnis. Minus quidem et quaerat sapiente suscipit.', '(205) 330-4638 x9331', '1990-02-02', '2018-06-20 00:14:48', '2018-06-20 00:14:48', NULL, NULL),
(51, 'quis', '1300 Gerardo Burg Apt. 519\nSibylburgh, MO 78888', 'Alias eum consectetur impedit. Aut minus sit deleniti officia.', '1-983-950-6609 x7531', '2006-08-02', '2018-06-20 00:18:48', '2018-06-20 00:18:48', NULL, NULL),
(52, 'sequi', '25258 Kareem Mountain\nSouth Francis, MD 00069', 'Quo ex et molestiae tenetur repellat quos laboriosam. Nobis ipsa fugiat rerum. Cupiditate assumenda qui at omnis. Iusto aut fugiat eos adipisci quia. Deserunt consequatur tenetur modi reiciendis. Rerum rem reprehenderit autem nam veritatis in.', '1-330-638-2683 x7272', '1974-09-22', '2018-06-20 00:18:48', '2018-06-20 00:18:48', NULL, NULL),
(53, 'hic', '7297 Whitney Rapid Apt. 164\nErnestoside, KS 85144', 'Atque voluptatibus enim ut occaecati temporibus fuga. Eum recusandae qui explicabo natus eos vitae. Soluta nobis dolore praesentium quae itaque.', '(241) 584-8650', '1997-01-30', '2018-06-20 00:18:48', '2018-06-20 00:18:48', NULL, NULL),
(54, 'debitis', '20320 Era Ford Apt. 066\nRaphaelfurt, VA 12276', 'Dolores maiores animi corporis quia doloremque sed. Rerum officia laborum saepe nam. Accusamus enim aut iure eligendi error aut vero cupiditate. Culpa explicabo nihil eum at saepe sed pariatur. Qui illo soluta voluptas magni impedit corporis omnis.', '1-515-962-8425 x6346', '1992-07-18', '2018-06-20 00:18:48', '2018-06-20 00:18:48', NULL, NULL),
(55, 'voluptas', '4558 Zboncak Burgs\nEast Verdie, AL 85860', 'Sapiente incidunt temporibus cumque enim magnam odio quidem voluptatum. Cum esse et accusamus odio repellendus ut eos. Possimus qui sint est enim ut. Modi impedit reprehenderit pariatur.', '+1 (427) 598-4360', '1982-03-13', '2018-06-20 00:18:48', '2018-06-20 00:18:48', NULL, NULL),
(56, 'consequatur', '456 Terrell Isle\nPort Misaelberg, CT 17306-3636', 'Et odit dolorum iusto totam est voluptatum illo. Suscipit sequi autem vero quo tempora. Excepturi optio omnis veritatis sunt non saepe vitae ut.', '+1.404.667.2110', '1970-06-18', '2018-06-20 00:18:48', '2018-06-20 00:18:48', NULL, NULL),
(57, 'eos', '39359 Parisian Corners Suite 200\nNorth Maybellfurt, NM 37927-1744', 'Consequuntur officia sunt animi necessitatibus enim ut. Eum delectus aut consequatur neque ut sunt. Odio consequatur cumque sed ut enim qui. Earum voluptate praesentium architecto. Culpa sunt saepe minus fugit sunt ipsa eos. Quae necessitatibus consequuntur eveniet cumque tempore vitae nihil. Et minima voluptatum eos et voluptas earum autem est.', '1-907-426-4297 x25030', '1975-07-27', '2018-06-20 00:18:48', '2018-06-20 00:18:48', NULL, NULL),
(58, 'saepe', '209 Paula Haven\nPort Leliastad, DC 75168', 'Aspernatur omnis aspernatur quisquam odit. Quia architecto voluptatem quo. Possimus in et voluptatem vel veritatis. Eligendi voluptate et quas libero expedita aliquam. Dolorem illum ut eum praesentium.', '(742) 922-3776', '1995-03-02', '2018-06-20 00:18:48', '2018-06-20 00:18:48', NULL, NULL),
(59, 'quam', '953 Petra Circles\nNorth Ursula, SC 27272-3243', 'Modi quos eaque est incidunt. Voluptatem modi officiis delectus consequatur.', '(587) 408-2709', '1981-01-18', '2018-06-20 00:18:48', '2018-06-20 00:18:48', NULL, NULL),
(60, 'excepturi', '4726 Sallie Mews\nNorth Alyshamouth, VT 45486', 'Dicta et fugit corrupti nisi et velit perspiciatis. Sint voluptatem libero laudantium assumenda ea consequatur adipisci.', '+1-930-934-9287', '1981-06-15', '2018-06-20 00:18:48', '2018-06-20 00:18:48', NULL, NULL),
(61, 'ipsum', '45656 Kelli Alley\nNorth Dangelostad, MT 68135-4463', 'Autem quae molestiae repellat dicta incidunt. Numquam suscipit nisi dolore.', '+19858903332', '1981-12-23', '2018-06-20 00:18:48', '2018-06-20 00:18:48', NULL, NULL),
(62, 'aliquid', '6588 Waters Wells\nHoraciofurt, OK 58378', 'Eum fuga ut inventore expedita. Totam repellendus cupiditate a necessitatibus repellat voluptatum. Nulla a libero est ad soluta quaerat iure voluptatem. Aut quia a iusto non odit. Sed aut quis optio numquam. Dolorem aut in debitis et voluptatem earum.', '786-566-5803', '1987-07-23', '2018-06-20 00:18:48', '2018-06-20 00:18:48', NULL, NULL),
(63, 'omnis', '22762 Schmitt Court Suite 409\nNew Ulises, AK 17694-4900', 'Earum vel aut molestias. Vero officiis quis atque eum recusandae. Sapiente impedit praesentium aspernatur ipsam.', '+1.773.743.3802', '1973-07-11', '2018-06-20 00:18:48', '2018-06-20 00:18:48', NULL, NULL),
(64, 'fugiat', '43951 Lori Parks Apt. 159\nLexistad, WY 17244', 'Velit tempore cumque dolores inventore.', '782.505.2020 x01029', '1989-08-26', '2018-06-20 00:18:49', '2018-06-20 00:18:49', NULL, NULL),
(65, 'consequuntur', '6504 Collier Summit Apt. 042\nHillaryfort, OK 69447', 'Autem enim et et distinctio optio pariatur autem. Doloribus sed est vero non. Consequatur hic quas nihil at. Vitae consequuntur explicabo dignissimos ut aut ut aut.', '+1 (515) 337-7313', '1988-09-14', '2018-06-20 00:18:49', '2018-06-20 00:18:49', NULL, NULL),
(66, 'corporis', '998 Cassin Prairie Apt. 066\nEast Leif, NC 17694', 'Voluptates eum repellendus aut assumenda asperiores voluptates.', '780.507.9888 x57557', '1971-07-08', '2018-06-20 00:18:49', '2018-06-20 00:18:49', NULL, NULL),
(67, 'odit', '835 Schmitt Terrace Apt. 502\nEast Eloisamouth, AR 08448', 'Aliquam nobis sint ea a. Ea iste eaque quas eius.', '859-365-0234', '1974-09-14', '2018-06-20 00:18:49', '2018-06-20 00:18:49', NULL, NULL),
(68, 'est', '6941 Rowe Tunnel\nHoweberg, CA 30063', 'Labore accusamus fugit provident dolore qui maiores molestiae. Maiores occaecati quisquam itaque aut architecto laudantium ipsum earum. Accusamus officia pariatur quis nostrum temporibus eveniet ullam.', '383.989.0567', '1972-07-26', '2018-06-20 00:18:49', '2018-06-20 00:18:49', NULL, NULL),
(69, 'aut', '86109 Leopoldo Trafficway Apt. 838\nNew Jonatanchester, ND 88973-4304', 'Corporis perferendis necessitatibus ut vitae non aut suscipit. Modi dolor et impedit eligendi ullam.', '659.953.3586 x2666', '1999-07-24', '2018-06-20 00:18:49', '2018-06-20 00:18:49', NULL, NULL),
(70, 'odit', '76374 Joesph Village\nSouth Ninaberg, HI 00758-2282', 'Est et inventore voluptatem minus rerum. Eos velit aut sunt est asperiores veritatis consectetur. Quae eum quis omnis excepturi illo consequuntur quis.', '1-361-427-0851 x86042', '2010-02-19', '2018-06-20 00:18:49', '2018-06-20 00:18:49', NULL, NULL),
(71, 'minima', '367 Kris Ridge Suite 634\nKovacekchester, WY 35686-8874', 'Laboriosam et ut dolorem architecto minus quae et quis. Odit corporis qui nulla aut nihil voluptatum perspiciatis.', '679.989.9113 x89720', '2009-10-25', '2018-06-20 00:18:49', '2018-06-20 00:18:49', NULL, NULL),
(72, 'at', '9242 Keshaun Key Apt. 061\nMillerborough, WI 56085-6319', 'Omnis molestiae nostrum eum fugit. Cumque qui iusto qui numquam iure illum distinctio. Rerum vitae eos molestias voluptatem suscipit. Eaque explicabo ab commodi sapiente a.', '+1 (248) 570-7163', '1972-09-23', '2018-06-20 00:18:49', '2018-06-20 00:18:49', NULL, NULL),
(73, 'qui', '610 Kilback Springs\nEast Carolynestad, WI 98812-0203', 'Est qui illo est animi. Sint dicta sed qui dolor. Aut et consequuntur neque odio. Assumenda deserunt nihil reiciendis aut natus. Corporis quia quia blanditiis consequatur nesciunt aut.', '(673) 332-3510', '1976-12-07', '2018-06-20 00:18:49', '2018-06-20 00:18:49', NULL, NULL),
(74, 'et', '821 Stephanie Harbor Suite 629\nEast Felipaberg, SC 59659', 'Eum ullam rerum consequatur labore quas cumque modi. Sit qui dignissimos iste molestiae commodi sunt ea. Quaerat consequatur perspiciatis eius et quos. Quo modi eos quia nesciunt esse incidunt. Ipsam est excepturi corrupti.', '891.859.6955 x402', '1997-07-31', '2018-06-20 00:18:49', '2018-06-20 00:18:49', NULL, NULL),
(75, 'et', '5305 Oda Cape Apt. 988\nNorth Caleigh, DC 42518-2021', 'Facere quidem eaque esse dolor. In quia quia et consequatur molestiae esse.', '+1-718-378-4930', '2016-04-13', '2018-06-20 00:18:50', '2018-06-20 00:18:50', NULL, NULL),
(76, 'velit', '231 Kale Dam\nSouth Ayanatown, MT 01362', 'Harum libero qui quisquam ipsam nisi. Amet officia velit veritatis quam non quam.', '+1.774.669.4967', '1994-05-21', '2018-06-20 00:18:50', '2018-06-20 00:18:50', NULL, NULL),
(77, 'perferendis', '477 O\'Hara Knolls\nHintzville, DE 58620-5408', 'Officia non nobis facilis vel in modi. Rerum omnis repellat quod. Dolores vitae et sit repellat.', '720.487.4452 x597', '2018-03-05', '2018-06-20 00:18:50', '2018-06-20 00:18:50', NULL, NULL),
(78, 'iure', '37639 Kautzer Station Apt. 570\nWest Salvador, UT 63100', 'Modi sapiente unde fugiat est. In ut hic sint ab.', '739.461.7301 x368', '1981-11-26', '2018-06-20 00:18:50', '2018-06-20 00:18:50', NULL, NULL),
(79, 'ea', '18309 Witting Wells\nGilbertoside, WI 45315', 'Non aliquid consequuntur impedit dolore. Recusandae a consectetur possimus et est est eius. Quaerat ex voluptas vero accusamus suscipit. Totam aliquid eveniet maxime.', '1-680-826-7449 x801', '2006-12-27', '2018-06-20 00:18:50', '2018-06-20 00:18:50', NULL, NULL),
(80, 'harum', '156 Wilkinson Lane Apt. 065\nPort Erling, WA 46145', 'Ipsa ullam iure aut qui illum. Repudiandae quisquam voluptates maxime quae recusandae error. Quia nostrum tempore quo fugiat doloremque. Tempora soluta et occaecati in sint. Dolor et repellendus quis maxime. Cum quos quia nisi laboriosam veniam. Quia aliquam ex reprehenderit quidem impedit eveniet et.', '429.664.0505 x18030', '1996-03-28', '2018-06-20 00:18:50', '2018-06-20 00:18:50', NULL, NULL),
(81, 'reiciendis', '69777 Korey Walk Suite 093\nEast Jannie, MI 60920', 'Sint magni placeat odio ex tempora. Quia quas id maxime voluptatem maiores. Inventore repellendus nemo alias corporis aut. Dolores laudantium voluptas dignissimos. Quisquam quam doloribus et quos. Omnis accusantium minus sunt aperiam voluptates ea neque.', '(381) 502-0974 x0863', '1975-05-21', '2018-06-20 00:18:50', '2018-06-20 00:18:50', NULL, NULL),
(82, 'voluptatibus', '22485 Bradtke Corners\nWest Chaddhaven, IA 09270-2494', 'Autem quo ut tempore ea occaecati. Atque facere qui iusto sint. Praesentium qui facilis dolores est consequuntur id. Minima voluptatibus amet dolor molestias quia officiis.', '1-897-593-2896', '2018-01-13', '2018-06-20 00:18:50', '2018-06-20 00:18:50', NULL, NULL),
(83, 'illo', '548 Tatyana Plaza Suite 201\nSkilesmouth, CA 09182', 'Necessitatibus cum autem quo ut. Repudiandae unde dolorum iure hic.', '551-454-9783 x30400', '1976-05-01', '2018-06-20 00:18:50', '2018-06-20 00:18:50', NULL, NULL),
(84, 'asperiores', '3744 Gage Spur\nHacketttown, OH 99435', 'Velit velit cumque veniam laudantium molestiae adipisci officia. Rerum sed eos quibusdam id. Quam provident tempore voluptates assumenda consequatur ullam. Est non quam consequuntur fuga quia labore.', '1-496-299-3900 x48213', '2005-12-08', '2018-06-20 00:18:50', '2018-06-20 00:18:50', NULL, NULL),
(85, 'doloribus', '44462 Block Crossroad Apt. 836\nJaylinshire, KS 40478-5556', 'Earum incidunt ad sed nobis voluptatem. Voluptates ipsa eveniet aut deleniti a fugit. Tempore delectus quia tempora et fuga voluptatem. Animi unde aut totam laborum debitis. Quos quo voluptatem possimus dolores qui nam blanditiis reprehenderit. Accusantium delectus id ipsam exercitationem officiis. Impedit eaque quos adipisci perferendis odio.', '883.201.5022', '1991-10-24', '2018-06-20 00:18:50', '2018-06-20 00:18:50', NULL, NULL),
(86, 'molestias', '73207 Bruen Harbor Suite 937\nWest Louisaburgh, OH 37786', 'Accusantium assumenda voluptas accusantium ab. Voluptas corrupti dolore eligendi quos accusamus. Aspernatur tempore praesentium labore delectus.', '+1.970.780.1138', '2014-09-19', '2018-06-20 00:18:50', '2018-06-20 00:18:50', NULL, NULL),
(87, 'optio', '6063 Tristian Center\nPort Erwintown, ME 98572-0455', 'Fugit vel voluptatem doloremque voluptatibus nesciunt qui. Et magnam deserunt et. Eos expedita inventore laborum error.', '+1-862-381-6733', '1979-07-25', '2018-06-20 00:18:50', '2018-06-20 00:18:50', NULL, NULL),
(88, 'blanditiis', '77860 Edythe Roads Suite 472\nNew Hettiemouth, ID 27335', 'Sapiente temporibus consequuntur quae laboriosam minima. Autem blanditiis fugit in ipsum eveniet corporis quis.', '(540) 629-2251 x226', '2003-01-30', '2018-06-20 00:18:50', '2018-06-20 00:18:50', NULL, NULL),
(89, 'quis', '9579 Kunde Pass Suite 447\nDonnellyburgh, SC 10810-7156', 'Blanditiis iusto sit ducimus impedit. Et quia sequi cumque id non animi totam. Omnis voluptas ipsa numquam soluta est hic. Tenetur qui fugit assumenda modi et.', '228-782-1314 x57489', '2001-04-30', '2018-06-20 00:18:50', '2018-06-20 00:18:50', NULL, NULL),
(90, 'ab', '6286 Mandy Parkways Suite 713\nWest Tyrelshire, WV 29425-3193', 'Ex laboriosam ullam natus. Sit delectus omnis quidem autem non suscipit ab eum. Quas praesentium est quo sapiente est perspiciatis. Corrupti at temporibus totam fugiat aliquam enim recusandae.', '586.827.3281 x7846', '1981-11-19', '2018-06-20 00:18:50', '2018-06-20 00:18:50', NULL, NULL),
(91, 'consequatur', '1022 Rice Turnpike\nSouth Marianna, MO 90178-8076', 'Placeat nihil sed dolores ipsam. Fuga provident vel quas fuga voluptatum. Sit qui rerum eveniet recusandae.', '828-325-1827 x0897', '2017-02-21', '2018-06-20 00:18:50', '2018-06-20 00:18:50', NULL, NULL),
(92, 'dignissimos', '95982 Archibald Highway Suite 693\nSouth Mylesside, FL 70181-3197', 'Cum non quibusdam quasi sit sunt eveniet maiores. Quaerat rerum explicabo quasi voluptatem veniam. Minus nam consequatur in consectetur voluptatibus dicta sed. Atque blanditiis sunt qui molestiae delectus molestiae.', '1-410-720-4767 x7586', '1993-10-27', '2018-06-20 00:18:50', '2018-06-20 00:18:50', NULL, NULL),
(93, 'consequuntur', '94521 Jermey Station Apt. 070\nPort Stacy, WI 70532-8484', 'Enim officia minus sit rerum numquam provident. Est quo ipsum incidunt aut nesciunt. Qui ut a molestias inventore. Aut suscipit alias consequatur qui perferendis enim.', '+1 (841) 602-8998', '1991-05-16', '2018-06-20 00:18:50', '2018-06-20 00:18:50', NULL, NULL),
(94, 'qui', '993 Santina Key Apt. 029\nAmaniland, ID 86093', 'Laborum vitae est ut. Consequatur sapiente labore ut est. Necessitatibus nemo ea iste.', '727.455.6378', '1992-10-28', '2018-06-20 00:18:51', '2018-06-20 00:18:51', NULL, NULL),
(95, 'expedita', '7802 Reichel Run Apt. 075\nNorth Emilfurt, MS 60780-0613', 'At dolorem necessitatibus et dolore fugiat. Eos consequatur aliquid voluptas voluptas provident.', '1-605-692-2794 x8305', '1994-09-29', '2018-06-20 00:18:51', '2018-06-20 00:18:51', NULL, NULL),
(96, 'voluptatem', '9421 Kub Keys\nWardland, CA 53116-9168', 'Officiis non aliquid sed odit qui. Itaque dolores provident repellendus atque recusandae sed ut enim. Sunt qui quae nihil repellendus maiores voluptatem. Sed consequatur qui quia. Sit accusamus aliquam esse quibusdam aliquid sint.', '1-506-398-6263 x365', '2010-03-24', '2018-06-20 00:18:51', '2018-06-20 00:18:51', NULL, NULL),
(97, 'provident', '3174 Grady Corners\nKulasmouth, MN 62701', 'Aut dolor doloribus at. Itaque est harum iste. Labore harum fuga modi nihil rem. Veniam quasi sed officia ipsum qui ducimus autem. Cumque quia enim sit. Rerum rerum odio sint et aut.', '1-576-745-3113 x670', '1973-11-12', '2018-06-20 00:18:51', '2018-06-20 00:18:51', NULL, NULL),
(98, 'ab', '288 Wiegand Plain Apt. 523\nNew Norrisbury, GA 85388-9720', 'Dolore aut expedita doloremque veritatis maxime aut molestiae perferendis. Harum voluptatem cumque laudantium. Et numquam sit dolorum et debitis nam quo. Sed dignissimos accusamus id ea facilis veritatis explicabo. Et perspiciatis qui enim itaque. Incidunt numquam deleniti deleniti omnis et voluptas.', '(950) 937-3545 x455', '2006-11-16', '2018-06-20 00:18:51', '2018-06-20 00:18:51', NULL, NULL),
(99, 'odit', '96677 Spencer Club Apt. 332\nLouveniaville, VT 38669', 'Quasi earum architecto qui omnis accusantium. Dignissimos et itaque amet et id. Asperiores exercitationem voluptatibus et. Est a aut explicabo sunt.', '(313) 366-1656', '2008-09-22', '2018-06-20 00:18:51', '2018-06-20 00:18:51', NULL, NULL),
(100, 'expedita', '572 Maria Rest\nNew Hallie, SC 77922-8940', 'Magnam exercitationem non aliquam in. Quisquam temporibus praesentium tempore facere voluptates illum sint et. A atque maiores quia tempora.', '(623) 861-8248 x5120', '1984-10-27', '2018-06-20 00:18:51', '2018-06-20 00:18:51', NULL, NULL),
(101, 'in', '545 Schinner Walk Apt. 593\nLake Jaime, NY 39892-1493', 'Similique molestiae in nisi sunt incidunt. Quo similique molestiae neque ut architecto. Harum a vitae labore necessitatibus repellendus. Odit nam aut autem sequi et rerum est.', '1-838-966-2084', '1980-09-16', '2018-06-20 00:18:51', '2018-06-20 00:18:51', NULL, NULL),
(102, 'voluptatem', '187 Gracie Villages Suite 194\nNorth Spencer, DC 34817', 'Quo odit quas et corrupti quia et. Eum qui molestiae sint quia accusantium. Enim consequatur sunt excepturi id eos et eaque quo. Vitae quos ratione facere fuga. Aut recusandae omnis quia aut odit pariatur. In similique sint debitis nesciunt delectus laudantium. Et aperiam eos harum in architecto. Incidunt eius aut repudiandae accusamus totam sint.', '+1-769-313-4809', '1996-10-29', '2018-06-20 00:18:51', '2018-06-20 00:18:51', NULL, NULL),
(103, 'qui', '2409 Adonis Motorway Suite 162\nWest Kaya, DE 16511', 'Itaque eligendi ducimus dolor dicta ea temporibus. Et voluptates aut id id et et. Sit ut quisquam officiis.', '(765) 797-9712 x889', '2017-05-26', '2018-06-20 00:18:51', '2018-06-20 00:18:51', NULL, NULL),
(104, 'deserunt', '50900 Erin Manor\nLake Lindseyborough, PA 05923-4112', 'Beatae labore nulla eveniet. Ipsam a et id quis quis dolores. Aut et est sapiente et maxime vitae.', '+1-456-598-1963', '2009-12-22', '2018-06-20 00:18:51', '2018-06-20 00:18:51', NULL, NULL),
(105, 'eos', '3343 Rosenbaum Crescent Apt. 007\nWatsicaburgh, VT 40425-5278', 'Non necessitatibus commodi nisi reiciendis id accusantium aperiam. Similique aut est et tempore ipsam esse magni. Voluptatum deleniti alias vel labore. Nisi voluptas quia velit voluptatem explicabo.', '649.595.1106 x188', '1983-04-02', '2018-06-20 00:18:51', '2018-06-20 00:18:51', NULL, NULL),
(106, 'qui', '7895 Hattie Highway Apt. 393\nPort Margretmouth, DC 12149-9333', 'Iure quo rerum hic blanditiis iure. Unde minus laudantium eligendi quia. Illo aperiam voluptatem recusandae incidunt magnam unde nesciunt. Dignissimos provident tempora omnis laborum voluptatem aut aut. Asperiores est repudiandae adipisci vero eveniet sed. Qui sunt a laborum quibusdam ab. Voluptatem expedita quia maxime hic temporibus est alias.', '(292) 229-2168 x524', '1973-02-27', '2018-06-20 00:18:51', '2018-06-20 00:18:51', NULL, NULL),
(107, 'qui', '508 Sanford Track Suite 129\nEast Nadia, MN 05614', 'Rerum facilis quidem nisi et. Id vel voluptas ut.', '+1-646-379-4772', '2013-10-01', '2018-06-20 00:18:51', '2018-06-20 00:18:51', NULL, NULL),
(108, 'consequatur', '8451 Walsh Lodge\nPort Jazlyn, TN 63133-7108', 'Et est quidem ducimus aut non aut ea est. Dolorem aliquam explicabo quas sit. Et et rerum natus sit nihil id aliquam aut. Vel molestias ut non autem culpa et officiis.', '(618) 284-2420 x418', '1993-08-16', '2018-06-20 00:18:51', '2018-06-20 00:18:51', NULL, NULL),
(109, 'praesentium', '29779 Leuschke Lane\nEast Breana, NV 02868', 'Ut dolor voluptatem eius ut. Voluptas assumenda omnis impedit beatae est. Pariatur quae odio velit similique. Asperiores quo at consectetur molestiae aut in.', '1-482-274-5312 x45834', '2008-09-24', '2018-06-20 00:18:51', '2018-06-20 00:18:51', NULL, NULL),
(110, 'aliquam', '24050 Chester Squares Suite 442\nPort Garth, ND 84232-5647', 'Distinctio molestias vero error minima. Quo nam ipsum esse sit eaque.', '1-451-841-4609 x75152', '2008-10-19', '2018-06-20 00:18:52', '2018-06-20 00:18:52', NULL, NULL),
(111, 'odio', '623 Monte Circle\nBobbystad, MS 96293-8474', 'Iusto voluptas repellendus pariatur voluptate perferendis. Et perspiciatis consequatur repellendus ab. Et maxime eligendi assumenda est autem ducimus. Molestiae magni laboriosam cupiditate. Eum nostrum et sapiente id praesentium quis sunt possimus. Assumenda est amet aut rerum. Et voluptate explicabo exercitationem unde repellat.', '1-372-769-0927', '1975-10-26', '2018-06-20 00:18:52', '2018-06-20 00:18:52', NULL, NULL),
(112, 'laboriosam', '920 Sonya Flats Suite 291\nRashawnfurt, NH 92549-0712', 'Sit consequatur dolorem sunt necessitatibus numquam corporis. Illo eligendi suscipit consequatur id omnis debitis qui laboriosam.', '1-997-456-8428', '1973-07-12', '2018-06-20 00:18:52', '2018-06-20 00:18:52', NULL, NULL),
(113, 'nulla', '69352 Brionna Fields Apt. 440\nEast Kelsimouth, WY 20550-1661', 'Incidunt odit et voluptate excepturi. Maiores odio quos aut omnis ipsum mollitia. Omnis blanditiis qui vel praesentium alias voluptatum. Numquam excepturi laboriosam non. Voluptatem id corporis quo beatae corrupti nihil repellat.', '883-562-7731 x58499', '1989-08-26', '2018-06-20 00:18:52', '2018-06-20 00:18:52', NULL, NULL),
(114, 'ipsam', '3939 Schaden Expressway Apt. 492\nLake Sarah, NY 44304-0667', 'Modi facilis cumque dignissimos. Omnis cum et veritatis minima fugit maxime. Cupiditate et iusto aspernatur explicabo. Aliquid sit qui quis dolorum. Architecto est eos consequatur qui atque asperiores. Est eveniet hic omnis consequatur sit qui.', '+1.906.226.8948', '2009-08-30', '2018-06-20 00:18:52', '2018-06-20 00:18:52', NULL, NULL),
(115, 'nihil', '46617 Solon Dam\nPort Bryon, MS 09158', 'Et nobis atque nobis. Deleniti neque quae nisi et consequatur magni incidunt. Cupiditate error quaerat voluptatem excepturi et tempore excepturi. A necessitatibus architecto officia sit. Eos beatae odit minus consequatur. Dicta et beatae neque iure mollitia a.', '773.819.8936', '1977-08-01', '2018-06-20 00:18:52', '2018-06-20 00:18:52', NULL, NULL),
(116, 'voluptatem', '932 Hertha Rest Apt. 993\nKoelpinport, SD 93022-9857', 'Animi nihil voluptas et at incidunt ex laboriosam. Aut commodi pariatur vel voluptatem quibusdam sapiente. Vel ut doloribus assumenda eveniet aperiam inventore. Animi fuga doloremque sint non repudiandae nihil sint.', '1-873-806-7277', '2001-05-12', '2018-06-20 00:18:52', '2018-06-20 00:18:52', NULL, NULL),
(117, 'debitis', '5705 Vincenza Walks Apt. 725\nSouth Fannyfurt, CA 18407', 'Aut fugit qui sequi corrupti perspiciatis natus. Placeat et dicta corrupti at facilis sunt voluptatum. Quisquam officiis cupiditate voluptatem sit harum et.', '(868) 556-9488 x06061', '1982-11-27', '2018-06-20 00:18:52', '2018-06-20 00:18:52', NULL, NULL),
(118, 'cum', '6329 Abbott Fords Apt. 024\nEast Flavie, OK 68674', 'Ea nulla dolor est non. Commodi sed eos illo debitis eius architecto quibusdam.', '940.712.5152 x00371', '2013-12-25', '2018-06-20 00:18:52', '2018-06-20 00:18:52', NULL, NULL),
(119, 'pariatur', '8035 Auer Walks Suite 614\nGorczanytown, IA 40942-6763', 'Voluptatum doloremque consequatur natus dolor qui dolores. Enim enim ipsam qui consequatur dolor omnis quaerat. Aspernatur sint qui quas ut reiciendis quibusdam.', '656.848.5427 x30554', '1995-01-31', '2018-06-20 00:18:52', '2018-06-20 00:18:52', NULL, NULL),
(120, 'aut', '54169 Padberg Hills\nSouth Danaville, AK 62386-9122', 'Minima aut non consectetur voluptatem commodi voluptas tempore. Enim qui voluptates consequatur similique minima aspernatur sunt. Error temporibus tempore dolorem dolore ab reprehenderit repudiandae excepturi. Saepe aperiam voluptatibus perspiciatis a illo delectus temporibus.', '(735) 507-1095 x3386', '1989-12-20', '2018-06-20 00:18:52', '2018-06-20 00:18:52', NULL, NULL),
(121, 'quis', '50045 Felicita Mall\nGreenfelderfort, SC 70021', 'Modi saepe aut et. Nesciunt quae enim distinctio.', '420-476-3004', '1974-10-14', '2018-06-20 00:18:52', '2018-06-20 00:18:52', NULL, NULL),
(122, 'ratione', '10536 Flatley Fort Apt. 713\nDickinsonberg, MI 55189', 'Est reprehenderit aut corrupti necessitatibus doloremque exercitationem. Et autem est tempore.', '802-348-4094', '2009-12-31', '2018-06-20 00:18:52', '2018-06-20 00:18:52', NULL, NULL),
(123, 'quam', '985 Gorczany Way Apt. 715\nPort Xzavier, AL 39201-5293', 'Aut animi porro vel laudantium qui sed asperiores. Dolor a aut occaecati sint. Quod ea adipisci enim dignissimos eaque quasi. Nisi omnis doloremque eos dolorem sunt perferendis enim.', '464.552.8438 x082', '1994-10-04', '2018-06-20 00:18:52', '2018-06-20 00:18:52', NULL, NULL),
(124, 'iste', '196 Else Brooks Suite 931\nNew Gavinland, VA 70922-6833', 'Repellat aliquam quasi labore mollitia animi et aut.', '(303) 394-5607 x570', '2007-10-14', '2018-06-20 00:18:52', '2018-06-20 00:18:52', NULL, NULL),
(125, 'veniam', '9865 Leopoldo Summit\nEast Reillyport, NJ 56216', 'Nisi soluta sequi enim voluptas facilis. Et illo inventore exercitationem porro consequatur fugiat inventore. Rerum quis maxime omnis facilis natus magnam. Eum aspernatur eaque omnis explicabo quasi mollitia reiciendis sed. Quod dolor eum voluptas magni harum a illum.', '+1-448-763-0562', '2009-02-06', '2018-06-20 00:18:52', '2018-06-20 00:18:52', NULL, NULL),
(126, 'eum', '95977 Bode Keys Suite 105\nRaynorside, VT 98742', 'At officia quas ratione voluptatem. Assumenda saepe qui et incidunt laudantium laudantium. Quaerat numquam recusandae deserunt velit culpa et. Recusandae possimus excepturi quod sint dicta. Harum praesentium soluta distinctio illum ea harum.', '1-505-503-4496 x25944', '1970-08-22', '2018-06-20 00:18:52', '2018-06-20 00:18:52', NULL, NULL),
(127, 'voluptatem', '31536 Bins Points Apt. 435\nNew Dexter, ME 87250-5690', 'Consequatur iure tempora omnis. Et omnis tempore deleniti et praesentium qui. Molestiae suscipit voluptatum et. Veritatis molestias et sequi dolor eos iste. Rem illum error et aut.', '(383) 361-0622 x3484', '1977-06-07', '2018-06-20 00:18:52', '2018-06-20 00:18:52', NULL, NULL),
(128, 'qui', '1452 Lauren Street Suite 034\nHermanland, OK 97098-5000', 'Facere provident et adipisci et praesentium doloremque adipisci. Dolorum nisi est quos tempora. Ipsa laborum pariatur maxime rerum sed ut quidem. Illo consequuntur incidunt ipsam nam doloremque odio.', '616.239.7432 x7669', '1981-01-05', '2018-06-20 00:18:53', '2018-06-20 00:18:53', NULL, NULL),
(129, 'non', '83415 Emerald Junction Suite 995\nLake Naomiport, MS 42305', 'Laudantium beatae commodi necessitatibus magnam dicta. Maiores impedit incidunt et modi eum accusamus. Velit et accusamus eveniet est est numquam omnis.', '863-777-5237', '2012-06-27', '2018-06-20 00:18:53', '2018-06-20 00:18:53', NULL, NULL),
(130, 'aperiam', '244 Felix Camp Apt. 680\nCollierborough, CT 23369-1212', 'Qui ea voluptatem tempore. Soluta deserunt nemo facilis doloribus consequatur. Consequatur ut numquam enim voluptas est vero quaerat.', '820-806-1757 x085', '1976-02-28', '2018-06-20 00:18:53', '2018-06-20 00:18:53', NULL, NULL),
(131, 'vitae', '144 Maverick Ford Suite 881\nWest Amie, MT 54946', 'Quo enim facere officiis accusantium sit vitae rem. Temporibus vero dolor enim aut odit vel enim. Veniam corporis aliquam tenetur aut atque iste exercitationem. Ut sint dolores temporibus tenetur qui. Nesciunt veritatis qui voluptatem unde occaecati consequatur architecto. Ipsam totam vel dolor eligendi et.', '394-867-3512', '2017-02-05', '2018-06-20 00:18:53', '2018-06-20 00:18:53', NULL, NULL),
(132, 'nemo', '2908 Heidenreich Coves\nPort Mona, ME 36076-9510', 'Et aut voluptatem ipsa itaque delectus omnis hic. Quae id sit non maxime ullam aut laudantium voluptas. Ut omnis necessitatibus sequi voluptas in in animi. Architecto fugit qui aspernatur officiis.', '972.312.6187 x3045', '2008-10-01', '2018-06-20 00:18:53', '2018-06-20 00:18:53', NULL, NULL),
(133, 'debitis', '592 Lon Roads Apt. 739\nNoeliashire, AZ 38896', 'Animi id perferendis vitae ducimus nam.', '1-992-716-6404', '2013-03-15', '2018-06-20 00:18:53', '2018-06-20 00:18:53', NULL, NULL),
(134, 'blanditiis', '3431 Anissa Mountains\nNorth Cristinaside, NC 10696', 'Rem eum excepturi non doloremque nihil. Animi velit et ea amet nostrum quisquam. Nesciunt libero qui maxime debitis ea.', '258-213-3629 x43597', '2004-03-08', '2018-06-20 00:18:53', '2018-06-20 00:18:53', NULL, NULL),
(135, 'facere', '896 Dedrick Pike Suite 421\nStrackeside, WY 37084-7700', 'Inventore labore suscipit autem enim accusantium qui sed. Ipsam suscipit sit voluptatibus error ex molestiae. In ratione soluta dolorum ab et.', '(827) 696-3682 x662', '1979-02-04', '2018-06-20 00:18:53', '2018-06-20 00:18:53', NULL, NULL),
(136, 'dolores', '547 Breitenberg Trail\nSchambergerfort, GA 86024', 'Delectus ad dignissimos officia assumenda tempora aut sed. Modi voluptatem dolores qui voluptas molestiae sapiente mollitia. Pariatur debitis dicta voluptatem qui dolore est distinctio. Est ipsum et voluptatum. Tenetur natus recusandae aut nihil doloribus.', '809-438-8569 x44872', '1996-05-04', '2018-06-20 00:18:53', '2018-06-20 00:18:53', NULL, NULL),
(137, 'quasi', '8150 Fleta Turnpike Suite 752\nBarneyhaven, NE 46127-6356', 'Saepe explicabo minima ex. Tenetur harum minima ea aliquid saepe quo. Debitis quo rem consectetur corporis quia. Eveniet reprehenderit amet inventore veniam tempora. Aut labore sed placeat aperiam id cupiditate.', '+1-705-587-1204', '1986-09-02', '2018-06-20 00:18:53', '2018-06-20 00:18:53', NULL, NULL),
(138, 'non', '7072 Nona Hills\nEast Elinoreville, MT 25384', 'Ab consequatur quis ratione blanditiis. Animi fugiat sit aspernatur omnis laudantium molestiae similique et. Fugiat non soluta harum dolor corporis fuga. Id voluptatem assumenda et ut dolorem aliquam sit. Asperiores tenetur consectetur maiores nesciunt ut.', '+17342264956', '1980-06-25', '2018-06-20 00:18:53', '2018-06-20 00:18:53', NULL, NULL),
(139, 'voluptas', '4039 VonRueden Camp\nAbshireborough, WY 49779', 'Soluta atque id aut cumque eum fugiat. Expedita dolor dolorum ut aut. Alias non dignissimos ut consequatur aut dolorum harum. Doloribus assumenda vel error corporis ex eius. Eos est dolorem harum expedita aut. Facere inventore tempore labore consequuntur eligendi. Aut commodi ullam voluptas aut natus.', '640.502.2505', '1982-10-21', '2018-06-20 00:18:53', '2018-06-20 00:18:53', NULL, NULL),
(140, 'id', '365 Borer Walks Apt. 359\nWest Velvamouth, NV 00793-7985', 'Saepe quia qui excepturi optio. Vero magnam omnis nostrum. Enim aperiam id qui alias modi est. Tempore eos similique ipsum.', '856-352-7268 x09305', '1987-02-17', '2018-06-20 00:18:53', '2018-06-20 00:18:53', NULL, NULL),
(141, 'vel', '819 Gracie Point Suite 800\nTristonport, NV 65265-3080', 'Dolorum ut sit iusto libero. Repudiandae nisi veritatis alias facilis. Nobis maiores quia sit repellat. Doloremque id ab exercitationem est id accusamus. Repudiandae mollitia nesciunt voluptatem accusantium aut.', '+1-713-268-2765', '1982-09-07', '2018-06-20 00:18:53', '2018-06-20 00:18:53', NULL, NULL),
(142, 'quos', '3961 Zieme Estates Suite 735\nPort Daleport, OH 19481-7958', 'Consequatur non necessitatibus dolorem consequatur consequatur molestias quae aut. Molestiae magnam nihil minus corporis et ea. Libero similique incidunt veritatis dolores possimus officia ratione. Voluptatibus quaerat voluptas officia corporis veniam modi consectetur. Perferendis voluptatibus recusandae totam distinctio numquam. Et quos beatae facilis culpa earum quas laudantium enim. Tempora soluta delectus ab et.', '1-912-821-2978', '2005-05-13', '2018-06-20 00:18:54', '2018-06-20 00:18:54', NULL, NULL),
(143, 'voluptas', '8477 Elroy Street\nWest Finn, AR 88583-1987', 'Atque harum voluptatem sint in doloribus. Cumque sit deleniti itaque et nihil. Fugit harum qui consectetur ut.', '1-532-570-7376', '1970-08-27', '2018-06-20 00:18:54', '2018-06-20 00:18:54', NULL, NULL),
(144, 'quas', '54290 Weissnat Squares Suite 698\nSouth Sheridan, TX 77128-3005', 'Autem pariatur qui unde quibusdam. Itaque et neque sit velit.', '(851) 503-8965', '1971-09-24', '2018-06-20 00:18:54', '2018-06-20 00:18:54', NULL, NULL),
(145, 'vero', '66920 Cassidy Loaf Apt. 837\nEast Zelmahaven, MS 99968', 'Modi deleniti a natus praesentium qui eos. Velit quo corrupti quia aliquam. Corporis enim omnis sapiente et commodi. Et accusamus dolorem odio eum nemo cupiditate blanditiis dicta.', '1-394-354-0853 x2604', '1994-04-23', '2018-06-20 00:18:54', '2018-06-20 00:18:54', NULL, NULL),
(146, 'nostrum', '29858 Davis Bypass Apt. 104\nMarianneshire, LA 12752-3029', 'Saepe eaque vel consequatur. Ab recusandae voluptas eos porro omnis harum veritatis. Provident repudiandae reiciendis rem dolor dolorum labore. Quidem consectetur maxime placeat corporis unde alias nobis cupiditate.', '394.948.4185', '2000-07-20', '2018-06-20 00:18:54', '2018-06-20 00:18:54', NULL, NULL),
(147, 'quo', '936 Nina Knoll Suite 563\nCorystad, MT 41560', 'Libero illum quia nobis eum doloremque. Provident doloribus et autem atque quibusdam.', '1-652-683-8883', '1986-09-18', '2018-06-20 00:18:54', '2018-06-20 00:18:54', NULL, NULL),
(148, 'temporibus', '4543 Jones Springs\nNew Isabel, OK 53248-2877', 'Aut dolores quaerat quo perspiciatis dolor iste odio. Rem alias dolorum eos nesciunt non quia sapiente. Et qui aut inventore veniam. Nesciunt facere dignissimos qui voluptatem. Illum suscipit dolorum praesentium facilis excepturi. Mollitia excepturi animi accusamus neque. Iure dolor dolorem similique.', '389-606-4235', '1971-06-09', '2018-06-20 00:18:54', '2018-06-20 00:18:54', NULL, NULL),
(149, 'nam', '308 Viola Rapids Apt. 839\nHobartton, OH 49353', 'Consequatur assumenda voluptatum debitis modi vel. Nisi nisi inventore rerum ipsa ratione nemo laudantium.', '(350) 584-1988 x089', '2013-07-05', '2018-06-20 00:18:54', '2018-06-20 00:18:54', NULL, NULL),
(150, 'praesentium', '15497 Botsford Ferry\nReichertport, TN 77266-7574', 'Deserunt beatae quibusdam fugit consequatur et.', '960.830.4021', '1980-07-29', '2018-06-20 00:18:54', '2018-06-20 00:18:54', NULL, NULL);

-- --------------------------------------------------------

--
-- Table structure for table `reviews`
--

CREATE TABLE `reviews` (
  `id` int(11) NOT NULL,
  `book_id` int(11) DEFAULT NULL,
  `reviewer` varchar(100) COLLATE utf8_bin DEFAULT NULL,
  `star` int(2) DEFAULT NULL,
  `description` text COLLATE utf8_bin,
  `created_at` datetime DEFAULT NULL,
  `updated_at` datetime DEFAULT NULL,
  `created_by` varchar(100) COLLATE utf8_bin DEFAULT NULL,
  `updated_by` varchar(100) COLLATE utf8_bin DEFAULT NULL
) ENGINE=InnoDB DEFAULT CHARSET=utf8 COLLATE=utf8_bin;

--
-- Dumping data for table `reviews`
--

INSERT INTO `reviews` (`id`, `book_id`, `reviewer`, `star`, `description`, `created_at`, `updated_at`, `created_by`, `updated_by`) VALUES
(1, 76, 'Loma Berge IV', 1, 'Tempore minima modi pariatur labore consequatur explicabo sed. Expedita ullam consequatur sunt et.', '2018-06-20 00:19:14', '2018-06-20 00:19:14', NULL, NULL),
(2, 49, 'Antwan Metz', 1, 'Ullam repellat quos totam et et tempore omnis. Blanditiis quae rem voluptas nemo. Qui earum atque quisquam aut.', '2018-06-20 00:19:14', '2018-06-20 00:19:14', NULL, NULL),
(3, 95, 'Patricia Fadel PhD', 5, 'Harum commodi aliquam quia inventore sunt neque delectus. Minima unde aut eos dicta. Aut dolorem fuga nihil beatae porro nostrum maxime.', '2018-06-20 00:19:15', '2018-06-20 00:19:15', NULL, NULL),
(4, 144, 'Jaunita Deckow Jr.', 2, 'Libero officia fuga voluptates illum. Ex alias nesciunt consectetur aut autem ut at minima. Et ad provident accusantium perspiciatis adipisci corrupti.', '2018-06-20 00:19:15', '2018-06-20 00:19:15', NULL, NULL),
(5, 67, 'Dr. Timmothy Ledner Jr.', 3, 'Aut sed delectus quibusdam aliquam rerum. Est illo exercitationem placeat quis velit. Necessitatibus error non minus eum dicta eius eligendi.', '2018-06-20 00:19:15', '2018-06-20 00:19:15', NULL, NULL),
(6, 97, 'Madonna Padberg', 5, 'Ipsam perferendis a esse eum. Doloremque in impedit incidunt blanditiis ut ad reprehenderit aperiam. Temporibus expedita ullam dolor suscipit incidunt. Recusandae nostrum ullam nam eos culpa.', '2018-06-20 00:19:15', '2018-06-20 00:19:15', NULL, NULL),
(7, 4, 'Mr. Marcelo Wilkinson', 0, 'Minus autem neque rem omnis veniam molestiae. Odio non quia dolore nihil et quisquam voluptas.', '2018-06-20 00:19:15', '2018-06-20 00:19:15', NULL, NULL),
(8, 184, 'Ms. Deanna Auer MD', 5, 'Repudiandae aliquam molestias natus doloribus et commodi error. Nobis repellat accusantium nesciunt. Nisi doloribus qui recusandae atque ducimus earum. Unde dicta odit iure deleniti modi maiores. Dolorem aut praesentium reiciendis tenetur.', '2018-06-20 00:19:15', '2018-06-20 00:19:15', NULL, NULL),
(9, 6, 'Vicenta Fahey', 3, 'Sint nam laborum accusantium quia sed harum est et.', '2018-06-20 00:19:15', '2018-06-20 00:19:15', NULL, NULL),
(10, 177, 'Abagail Heaney', 0, 'Qui nemo corrupti sint mollitia qui modi. Delectus voluptatem harum adipisci. Voluptas ipsa nihil doloribus rerum nulla. Aut qui quis vel ratione et. Accusamus alias illum ea earum ut nostrum quidem voluptatem. Dolor voluptate vel omnis dolor voluptas fuga aut. Maiores sunt dolor libero excepturi modi autem facere.', '2018-06-20 00:19:15', '2018-06-20 00:19:15', NULL, NULL),
(11, 147, 'Ms. Shirley Bartoletti IV', 1, 'Et sed qui aut voluptatem. Neque soluta et error qui et ratione fugit quo. Dolorem commodi sit et tempora. Enim fugiat reiciendis qui qui saepe qui nam quam.', '2018-06-20 00:19:15', '2018-06-20 00:19:15', NULL, NULL),
(12, 86, 'Mrs. Sandy Spinka', 5, 'Commodi cum eius maiores vel. Voluptas consequatur repellat quas doloremque animi. Est illum vel asperiores sit minima labore error repellendus. Fugiat provident non ratione sit hic officiis. Harum amet sit labore placeat expedita quaerat cum consequatur.', '2018-06-20 00:19:15', '2018-06-20 00:19:15', NULL, NULL),
(13, 18, 'Ms. Lilla Pouros', 3, 'Fugiat aspernatur facere neque est amet aut. Quos ullam fugiat amet. Repellat nam et praesentium praesentium ut. Sed iusto iste suscipit non ab dolorem nobis veniam.', '2018-06-20 00:19:15', '2018-06-20 00:19:15', NULL, NULL),
(14, 171, 'Mr. Jace Fritsch', 5, 'Sunt officiis sapiente consequuntur earum possimus. Eos quia suscipit eveniet dolorem. Rerum quis laboriosam voluptatem soluta id.', '2018-06-20 00:19:15', '2018-06-20 00:19:15', NULL, NULL),
(15, 66, 'Gavin Mohr', 4, 'Alias ut dignissimos officiis qui accusamus. Sunt velit ducimus voluptatum vel blanditiis deserunt est. Et cumque vel quo suscipit ea aut.', '2018-06-20 00:19:16', '2018-06-20 00:19:16', NULL, NULL),
(16, 69, 'Sim Bechtelar', 5, 'Aut sapiente aut et et. Nihil quidem assumenda et molestiae ut. Qui voluptas quo laborum possimus perspiciatis voluptatem. Dolores dolores et eligendi ipsa rem neque.', '2018-06-20 00:19:16', '2018-06-20 00:19:16', NULL, NULL),
(17, 31, 'Angelina Keebler PhD', 2, 'Accusamus nesciunt et quia praesentium illo et aut consequatur. Sit ut vitae magnam architecto autem culpa aspernatur magnam. Fugiat necessitatibus qui minus ut.', '2018-06-20 00:19:16', '2018-06-20 00:19:16', NULL, NULL),
(18, 128, 'Dr. Otto Little I', 5, 'Aut cupiditate debitis earum iste repellat. Nihil eligendi voluptate corrupti voluptatem.', '2018-06-20 00:19:16', '2018-06-20 00:19:16', NULL, NULL),
(19, 50, 'Rollin Fay', 0, 'Fugiat omnis amet cupiditate. A alias dolores fuga architecto earum eum. Perferendis eos est nisi. Placeat aut dolor nobis et. Neque impedit molestiae velit culpa sed corporis. Minus aut qui labore ut dolor et error voluptate. Vero omnis non qui ipsum.', '2018-06-20 00:19:16', '2018-06-20 00:19:16', NULL, NULL),
(20, 98, 'Dariana Hane Jr.', 3, 'Velit adipisci officiis nulla libero sunt a est non. Omnis necessitatibus dolores sint qui rerum sequi ut. Provident natus numquam officia qui nobis. Ratione architecto ullam sapiente accusantium doloribus qui.', '2018-06-20 00:19:16', '2018-06-20 00:19:16', NULL, NULL),
(21, 100, 'Arlene Kerluke', 1, 'Quos dolorem est facere harum sed. Alias molestiae nostrum explicabo eaque. Aut eaque reiciendis autem non modi. Consequatur et non accusantium optio minus impedit.', '2018-06-20 00:19:16', '2018-06-20 00:19:16', NULL, NULL),
(22, 176, 'Deanna Tremblay I', 5, 'Velit numquam aut quam et. Atque enim est repellendus error. Fugiat ratione earum illum sed labore. Eum voluptatem labore perspiciatis incidunt nobis nostrum nam. Error magnam quidem est tempore consequuntur aliquam. Impedit unde fugiat minus sunt vel fuga et. Veritatis nostrum et qui velit pariatur est ut similique.', '2018-06-20 00:19:16', '2018-06-20 00:19:16', NULL, NULL),
(23, 152, 'Naomi Torp', 0, 'Sunt corporis incidunt velit eius eligendi aliquam sint enim. Optio mollitia ut consectetur consequuntur. Ut et iste saepe et aut dignissimos quidem. Ad est adipisci tempore debitis.', '2018-06-20 00:19:16', '2018-06-20 00:19:16', NULL, NULL),
(24, 78, 'Mr. Rodolfo Mueller PhD', 5, 'Accusamus in debitis quidem tenetur nostrum non. Commodi ut maiores ut voluptatem impedit sit ullam. Autem blanditiis officiis nihil magnam. Est qui officia in rerum facere et. Quia earum nisi voluptatem quo quasi.', '2018-06-20 00:19:16', '2018-06-20 00:19:16', NULL, NULL),
(25, 106, 'Camylle Dibbert', 3, 'Eveniet porro facere quibusdam iusto. Enim qui quia non sequi adipisci. Et adipisci nam dicta omnis atque autem.', '2018-06-20 00:19:16', '2018-06-20 00:19:16', NULL, NULL),
(26, 3, 'Demond Gusikowski', 5, 'Quibusdam sunt quos excepturi dolor. Assumenda voluptate quae quia sapiente nulla et nulla non. Suscipit deleniti quia eum facilis fuga dolorum sit sed.', '2018-06-20 00:19:17', '2018-06-20 00:19:17', NULL, NULL),
(27, 184, 'Davin McCullough', 5, 'Consequuntur qui ut dolorum iure ea. Molestiae itaque magnam saepe qui ut fugit. Ipsam suscipit ea nihil. Et facere ut impedit nam nisi nobis. Doloremque alias tempore possimus accusantium magnam in.', '2018-06-20 00:19:17', '2018-06-20 00:19:17', NULL, NULL),
(28, 135, 'Zoila Connelly', 4, 'Ut numquam blanditiis eveniet sequi vel. Ab praesentium cumque et quae sit. Velit porro ullam in velit adipisci error sunt alias. Veniam non impedit dolor distinctio sit excepturi et. Illum ex sint quo enim iure. Rerum molestiae a deleniti eum eius sunt libero.', '2018-06-20 00:19:17', '2018-06-20 00:19:17', NULL, NULL),
(29, 197, 'Adrienne DuBuque', 0, 'Dolore nulla inventore nihil sed consequatur. Ut omnis et id voluptates quo.', '2018-06-20 00:19:17', '2018-06-20 00:19:17', NULL, NULL),
(30, 48, 'Verner Ruecker', 3, 'Ratione molestias eum repudiandae sed facilis quae.', '2018-06-20 00:19:17', '2018-06-20 00:19:17', NULL, NULL),
(31, 8, 'Dr. Lukas Kilback II', 5, 'Accusantium omnis consequatur cumque consectetur consequatur assumenda labore. Rerum iusto error sint numquam doloribus corrupti non velit. Est non voluptates vel sint sit dolorum id. Quia et officiis officia alias consequatur vitae quos. Aut officiis voluptatem expedita. Eum qui praesentium quisquam in.', '2018-06-20 00:19:17', '2018-06-20 00:19:17', NULL, NULL),
(32, 87, 'Carmella Klocko', 0, 'Ut nulla voluptatibus aut. Itaque laborum distinctio expedita earum.', '2018-06-20 00:19:17', '2018-06-20 00:19:17', NULL, NULL),
(33, 106, 'Mrs. Robyn Gutkowski', 0, 'Odit recusandae culpa nihil dignissimos in tempora.', '2018-06-20 00:19:17', '2018-06-20 00:19:17', NULL, NULL),
(34, 102, 'Shemar Smitham IV', 3, 'Sed tenetur neque quaerat ipsum. Mollitia laudantium at impedit. Aspernatur rerum sed facilis unde delectus et tempora. Qui eos similique commodi ut eveniet id consectetur quis. Amet at ducimus necessitatibus ut fugiat in in.', '2018-06-20 00:19:17', '2018-06-20 00:19:17', NULL, NULL),
(35, 118, 'Jasmin Trantow', 2, 'Sit ea et quia dolore consequuntur omnis. Minus est repellendus dolores magnam perferendis doloribus voluptatem nostrum. Enim aliquid aut rerum voluptate quisquam suscipit ab. Unde velit mollitia et inventore est.', '2018-06-20 00:19:17', '2018-06-20 00:19:17', NULL, NULL),
(36, 198, 'Dr. Salvador Raynor', 5, 'Earum ad autem sapiente fugit expedita sit. Consequatur aliquid atque est itaque est aut doloribus ad.', '2018-06-20 00:19:17', '2018-06-20 00:19:17', NULL, NULL),
(37, 40, 'Prof. Jermaine Zieme', 4, 'Et non tenetur quia dolores eius sed. Et earum incidunt fugiat aliquam officiis.', '2018-06-20 00:19:17', '2018-06-20 00:19:17', NULL, NULL),
(38, 32, 'Gregoria Kuhlman', 2, 'Voluptas enim rerum facilis hic deserunt tempora vel. Nisi cumque sed deleniti. Distinctio consequatur expedita qui occaecati vel possimus.', '2018-06-20 00:19:17', '2018-06-20 00:19:17', NULL, NULL),
(39, 173, 'Scot Koelpin', 4, 'Nostrum necessitatibus quidem corporis libero quos architecto atque. Repellat rerum dolore qui consequatur aut quos. Non enim quam autem unde ut voluptatibus.', '2018-06-20 00:19:18', '2018-06-20 00:19:18', NULL, NULL),
(40, 114, 'Michael Osinski', 3, 'Quia quae commodi quaerat necessitatibus dolores. Quas aut corrupti debitis fuga autem fuga qui. Inventore ipsum autem ullam neque aspernatur praesentium excepturi. Non qui vel ipsa quos delectus provident dolorem.', '2018-06-20 00:19:18', '2018-06-20 00:19:18', NULL, NULL),
(41, 186, 'Nettie Homenick', 4, 'Iste voluptatem quas voluptatem voluptates. Ratione voluptatem necessitatibus rerum molestiae dolorem.', '2018-06-20 00:19:18', '2018-06-20 00:19:18', NULL, NULL),
(42, 186, 'Addie Koss', 2, 'Praesentium assumenda id veritatis ut. Possimus iusto veritatis odit est non.', '2018-06-20 00:19:18', '2018-06-20 00:19:18', NULL, NULL),
(43, 105, 'Mr. Magnus Dickens PhD', 3, 'Enim minima adipisci totam tempora nemo. Doloremque neque velit cum dolorem doloremque eum cupiditate. Nihil veritatis ut voluptates aut.', '2018-06-20 00:19:18', '2018-06-20 00:19:18', NULL, NULL),
(44, 33, 'Raymundo Schinner', 1, 'Nam ut eos vel architecto.', '2018-06-20 00:19:18', '2018-06-20 00:19:18', NULL, NULL),
(45, 149, 'Lessie Rempel II', 1, 'Ipsa atque exercitationem laudantium. In harum repudiandae est qui vel sit. Sapiente quis quisquam dolores. Repudiandae error quos animi sunt veritatis perferendis quod. Fugit ratione autem eum sapiente accusamus voluptates.', '2018-06-20 00:19:18', '2018-06-20 00:19:18', NULL, NULL),
(46, 92, 'Prince Mertz', 0, 'Eligendi vitae maiores et corrupti magni repellat. Atque in fugit ut in eum qui ea.', '2018-06-20 00:19:18', '2018-06-20 00:19:18', NULL, NULL),
(47, 190, 'Miss Tessie Bartoletti I', 2, 'Ut commodi facere consequatur ut sint maiores delectus. Sit deserunt quo non dolores occaecati ex aliquid maiores. Fugit incidunt voluptas tenetur.', '2018-06-20 00:19:18', '2018-06-20 00:19:18', NULL, NULL),
(48, 122, 'Sadie Carroll', 0, 'Rerum vitae voluptatibus vel perferendis.', '2018-06-20 00:19:18', '2018-06-20 00:19:18', NULL, NULL),
(49, 127, 'Madilyn Hettinger', 4, 'A delectus eum voluptatem officiis pariatur et numquam. Sint vero cum temporibus et. Voluptate est ut numquam maiores. Eos nostrum quisquam quasi voluptatem possimus.', '2018-06-20 00:19:18', '2018-06-20 00:19:18', NULL, NULL),
(50, 33, 'Hyman Bartell PhD', 2, 'Perferendis et at nisi id.', '2018-06-20 00:19:18', '2018-06-20 00:19:18', NULL, NULL),
(51, 10, 'Anika Pfannerstill', 5, 'Nihil fugit voluptas omnis esse. Aut aspernatur rerum doloribus odio.', '2018-06-20 00:19:18', '2018-06-20 00:19:18', NULL, NULL),
(52, 78, 'Prof. Mercedes Beahan', 2, 'Voluptatibus voluptatem ut quibusdam blanditiis. Aspernatur quo error fugiat qui quo excepturi. In quisquam eos quidem beatae aliquam. Et dolorum praesentium rerum voluptatem.', '2018-06-20 00:19:18', '2018-06-20 00:19:18', NULL, NULL),
(53, 33, 'Florence Emmerich', 5, 'Repellendus id aut eligendi. Et ut officia qui porro. Reiciendis autem voluptatem impedit quidem sunt sed odit. Laudantium voluptates rerum quo expedita voluptates ex magni. Vel libero voluptatem at ducimus omnis sapiente quisquam. Sed excepturi nesciunt alias architecto asperiores.', '2018-06-20 00:19:18', '2018-06-20 00:19:18', NULL, NULL),
(54, 167, 'Harley Emmerich', 0, 'Aspernatur debitis reprehenderit similique ipsum. Delectus aut nemo doloribus atque aut excepturi molestiae. Et et et labore ut id.', '2018-06-20 00:19:18', '2018-06-20 00:19:18', NULL, NULL),
(55, 99, 'Oceane Dare', 4, 'Eos voluptate vitae pariatur ut et. Nihil commodi eos quia qui odit sit quae. Voluptatem nihil omnis a molestiae. Beatae neque autem voluptatum voluptatibus. Et sapiente eius dolores quis earum aperiam vel. Provident vero et eos omnis illo ad commodi.', '2018-06-20 00:19:19', '2018-06-20 00:19:19', NULL, NULL),
(56, 25, 'Lincoln Kassulke', 4, 'Rem quia quam eveniet alias sit nulla corrupti. Est doloremque ipsum sit sapiente recusandae recusandae iure eos.', '2018-06-20 00:19:19', '2018-06-20 00:19:19', NULL, NULL),
(57, 125, 'Katrina Ryan', 0, 'Et delectus vel porro ut. Dolor omnis iste dolor velit ex debitis quia. Consectetur dicta cum repudiandae quis deleniti aut consequatur. Iusto ratione ea suscipit quia corporis autem quam corrupti. Dolor dolores repudiandae eum sed doloremque. Similique dolor non laudantium impedit. Sed et quis et unde praesentium.', '2018-06-20 00:19:19', '2018-06-20 00:19:19', NULL, NULL),
(58, 46, 'Wilburn Jacobson', 2, 'Quos ad aliquam ab officia. Est deserunt excepturi repudiandae dolores repellat quod. Corporis atque ut doloribus necessitatibus ut. Iure sit ipsam fugit cumque iure.', '2018-06-20 00:19:19', '2018-06-20 00:19:19', NULL, NULL),
(59, 112, 'Eldridge Pfeffer', 2, 'Ipsa impedit non voluptatem aut voluptatem eveniet nesciunt temporibus. Aut quos incidunt illum omnis totam. Corporis quo porro labore velit excepturi.', '2018-06-20 00:19:19', '2018-06-20 00:19:19', NULL, NULL),
(60, 22, 'Carissa Macejkovic', 1, 'Incidunt accusamus unde tenetur. Ut consequatur expedita corrupti saepe et enim. Sint earum et consequatur nihil. Asperiores distinctio ut illo et. Est id qui fuga et aliquam blanditiis.', '2018-06-20 00:19:19', '2018-06-20 00:19:19', NULL, NULL),
(61, 18, 'Ms. Cayla Metz', 0, 'Eos aut dolorem fuga ratione molestiae neque possimus. Quis minima aut et impedit et repellat voluptatem. Quo a quis similique ad aut. Dolorem culpa voluptate non itaque tempore doloribus consequatur adipisci.', '2018-06-20 00:19:19', '2018-06-20 00:19:19', NULL, NULL),
(62, 3, 'Dayton Schaden', 2, 'Hic qui recusandae repudiandae magni. Assumenda inventore sit aperiam consequatur. Itaque mollitia illum nobis voluptatem voluptate veniam. Perferendis corrupti sapiente qui nisi enim fuga.', '2018-06-20 00:19:19', '2018-06-20 00:19:19', NULL, NULL),
(63, 135, 'Mrs. Susie Schmitt II', 4, 'Ea exercitationem est quaerat illo sed. Possimus et excepturi qui itaque voluptas enim sunt. Ut fugit autem voluptatem adipisci.', '2018-06-20 00:19:19', '2018-06-20 00:19:19', NULL, NULL),
(64, 43, 'Pierce Deckow', 4, 'Aliquid exercitationem non praesentium eligendi facilis. Delectus maiores quas aliquam odit.', '2018-06-20 00:19:19', '2018-06-20 00:19:19', NULL, NULL),
(65, 31, 'Hazle Rodriguez', 2, 'Deserunt nisi deserunt enim blanditiis delectus. Et id perferendis quam vitae. Qui nostrum at eveniet.', '2018-06-20 00:19:19', '2018-06-20 00:19:19', NULL, NULL),
(66, 114, 'Sharon Upton', 1, 'Autem deserunt natus molestias architecto est magnam velit.', '2018-06-20 00:19:19', '2018-06-20 00:19:19', NULL, NULL),
(67, 71, 'Magnolia Hyatt', 5, 'Quia fugit ullam deleniti cupiditate voluptatem. Iste quidem quisquam sequi aut deserunt quo in voluptas. Sunt dolores delectus labore ea id voluptatum. Modi possimus occaecati quia itaque voluptatem.', '2018-06-20 00:19:19', '2018-06-20 00:19:19', NULL, NULL),
(68, 98, 'Cara Crooks DDS', 3, 'Et hic omnis necessitatibus veniam non rerum accusantium.', '2018-06-20 00:19:19', '2018-06-20 00:19:19', NULL, NULL),
(69, 135, 'Donald Dibbert', 2, 'Aut omnis est ut. Asperiores placeat quo aspernatur sit fugiat. Eum voluptas voluptatem consequatur iusto impedit ab deserunt earum.', '2018-06-20 00:19:19', '2018-06-20 00:19:19', NULL, NULL),
(70, 75, 'Prof. Rigoberto Schuster Jr.', 0, 'Quia quae vitae sit dolorem. In nobis saepe deserunt eos totam delectus sunt id. Recusandae mollitia nostrum quidem et enim veritatis et quia.', '2018-06-20 00:19:19', '2018-06-20 00:19:19', NULL, NULL),
(71, 161, 'Ludwig Ullrich', 5, 'In maxime nihil quibusdam modi non consequatur. Quaerat occaecati architecto qui dignissimos. Ea quibusdam est saepe corrupti.', '2018-06-20 00:19:19', '2018-06-20 00:19:19', NULL, NULL),
(72, 55, 'Dr. Vesta Altenwerth III', 5, 'Vel officia debitis sunt et. Qui rerum officiis quae magnam quidem. Sunt nobis nihil impedit sunt et similique ullam. Consectetur voluptatibus accusantium placeat est doloremque optio vero. Consequuntur ad ipsum dolorem amet accusantium necessitatibus velit.', '2018-06-20 00:19:20', '2018-06-20 00:19:20', NULL, NULL),
(73, 188, 'Prof. Elian Wiegand PhD', 3, 'Voluptate sunt ut veritatis molestiae non et. Asperiores natus qui omnis quo nemo eos. Rem animi in neque hic omnis officiis nesciunt. Harum placeat id est sint. Autem id velit non dolor quia minus et. Repudiandae vero aut architecto deleniti sit.', '2018-06-20 00:19:20', '2018-06-20 00:19:20', NULL, NULL),
(74, 157, 'Mr. Burley O\'Keefe MD', 2, 'Quasi omnis consequatur repellat aut ipsum corrupti. Id vitae earum qui cupiditate est corrupti. Iste autem fugit sint sequi et et. Aut dolor quis et non dicta. Et officiis ab impedit corporis magnam odio repudiandae.', '2018-06-20 00:19:20', '2018-06-20 00:19:20', NULL, NULL),
(75, 91, 'Mozell Sauer III', 4, 'Possimus doloribus quo dolorem molestiae. Dolor maxime sequi necessitatibus consequuntur. Illum eligendi aperiam tempore et tenetur.', '2018-06-20 00:19:20', '2018-06-20 00:19:20', NULL, NULL),
(76, 100, 'Jamal Huels I', 5, 'Dicta et minus fugit quae. Et voluptatum laudantium earum consequatur impedit eos. Autem sit sed enim deserunt ut.', '2018-06-20 00:19:20', '2018-06-20 00:19:20', NULL, NULL),
(77, 34, 'Mr. Oda Grady', 5, 'Rem omnis dignissimos at sed rerum temporibus. Sed non voluptatem vitae qui. Consequatur qui similique aliquam itaque laudantium ad repellat. Quae consectetur est voluptatibus et.', '2018-06-20 00:19:20', '2018-06-20 00:19:20', NULL, NULL),
(78, 152, 'Sterling Rodriguez I', 2, 'Aut vel nemo officiis.', '2018-06-20 00:19:20', '2018-06-20 00:19:20', NULL, NULL),
(79, 66, 'Anjali Brown PhD', 0, 'Qui molestiae vel laborum maxime tempore expedita quis architecto. Rerum accusamus et quibusdam voluptates voluptatibus non at. Possimus veniam itaque molestias aut. Maiores debitis et itaque ratione sint nisi.', '2018-06-20 00:19:20', '2018-06-20 00:19:20', NULL, NULL),
(80, 179, 'Helene Douglas', 0, 'Officia culpa iusto commodi occaecati. Asperiores magni voluptas molestiae eos ut ratione inventore.', '2018-06-20 00:19:20', '2018-06-20 00:19:20', NULL, NULL),
(81, 35, 'Leonora Fisher MD', 3, 'Sed velit qui numquam iusto explicabo ipsum modi. Iusto placeat officiis molestias rem vitae voluptas et omnis. Consequatur totam at dolores. Similique eligendi molestiae nemo eveniet omnis natus. Rerum debitis nihil ad eum ullam alias officia.', '2018-06-20 00:19:20', '2018-06-20 00:19:20', NULL, NULL),
(82, 179, 'Rey Macejkovic', 0, 'Accusamus ab ipsa error vero veniam voluptates. Nihil illo facilis ea eum animi alias. Earum consectetur in et aut ea quo. Est suscipit qui eum et blanditiis.', '2018-06-20 00:19:20', '2018-06-20 00:19:20', NULL, NULL),
(83, 187, 'Prof. Margarett Pouros', 2, 'Quia nihil et fugit voluptas aut distinctio optio. Suscipit soluta et odit voluptates. Sit in aut unde omnis sed iste porro. Quo molestiae hic voluptatibus harum nesciunt. Sint molestiae molestiae autem minus molestiae qui ea quis.', '2018-06-20 00:19:20', '2018-06-20 00:19:20', NULL, NULL),
(84, 187, 'Yesenia Haley DVM', 1, 'Cum aperiam voluptatibus voluptatem earum pariatur omnis. Reiciendis tempore quisquam reprehenderit iste. Sint sed libero et voluptatem autem amet. Dignissimos eveniet earum cumque quis. Quia voluptatibus consequatur iste et nihil magni voluptas. Quisquam iste quia consequatur veniam vero.', '2018-06-20 00:19:20', '2018-06-20 00:19:20', NULL, NULL),
(85, 176, 'Brett Zieme', 2, 'Et qui numquam voluptate quam.', '2018-06-20 00:19:20', '2018-06-20 00:19:20', NULL, NULL),
(86, 179, 'Zachery Weissnat', 5, 'Inventore autem dolorem dolorem quia et eum. Autem et voluptatibus ut aperiam. Dolor nesciunt omnis voluptatum iusto eum. Ducimus et odit quia odio et et occaecati. Praesentium cum deleniti ratione eum voluptates nisi beatae.', '2018-06-20 00:19:20', '2018-06-20 00:19:20', NULL, NULL),
(87, 117, 'Agustin Gislason', 3, 'Temporibus inventore eveniet illum vero quaerat. Perferendis quia et et corrupti odio aut. Nobis placeat ex deleniti voluptatem distinctio impedit. Ut ea perspiciatis nobis assumenda ab dolorum. Alias doloremque voluptatem perferendis.', '2018-06-20 00:19:20', '2018-06-20 00:19:20', NULL, NULL),
(88, 165, 'Mr. Nicolas Walsh PhD', 2, 'Voluptatibus dolorem maxime eum. Occaecati est doloribus ut dolores.', '2018-06-20 00:19:20', '2018-06-20 00:19:20', NULL, NULL),
(89, 98, 'Aubree Thiel', 5, 'Veniam quia perferendis dolores nisi impedit eum maxime provident. Aliquam est id vel accusantium. Esse officiis labore reiciendis. Alias voluptatibus aut consequatur sequi modi est. Id aliquid qui tempore quia consectetur. Necessitatibus aut est corporis. Amet incidunt sint et quod quasi.', '2018-06-20 00:19:20', '2018-06-20 00:19:20', NULL, NULL),
(90, 11, 'Martina Hintz', 2, 'Nobis nam sit fugiat voluptas et ex. Vel voluptatem fugiat sint voluptatem temporibus. Et ullam modi ipsa asperiores occaecati quaerat dolorem. Occaecati facilis harum voluptatum similique et enim vel. Impedit rerum perferendis fugit mollitia aut vel magni. Necessitatibus officiis aperiam nihil doloremque et.', '2018-06-20 00:19:20', '2018-06-20 00:19:20', NULL, NULL),
(91, 106, 'Prince Marvin', 3, 'Cupiditate libero distinctio quis in rem ab natus velit. A quos et facilis voluptas sed aut quia. Architecto dolore sint enim impedit et architecto. Corporis quis delectus et dolores itaque neque. Dolore quidem molestias aut ea et aut minima. Rerum voluptatem tempore eos et iusto totam quo ut.', '2018-06-20 00:19:20', '2018-06-20 00:19:20', NULL, NULL),
(92, 160, 'Miss Eve Schaefer IV', 2, 'Soluta qui ex sit amet amet exercitationem odio. Doloribus quia qui qui nihil autem facere.', '2018-06-20 00:19:20', '2018-06-20 00:19:20', NULL, NULL),
(93, 163, 'Jeanne Little', 1, 'Rerum architecto debitis eum itaque dolores animi voluptas. Doloremque ratione quia explicabo ut. Perferendis iusto voluptatem aperiam assumenda quia totam eos.', '2018-06-20 00:19:20', '2018-06-20 00:19:20', NULL, NULL),
(94, 84, 'Prof. Crystel Sporer V', 4, 'Exercitationem explicabo cumque in saepe quidem deleniti. Pariatur voluptatem enim cumque quo eum veniam eum voluptatem.', '2018-06-20 00:19:20', '2018-06-20 00:19:20', NULL, NULL),
(95, 17, 'Loma Klocko MD', 3, 'Fugit asperiores quia ipsa quia in exercitationem. Dolorum non quam repellendus est qui sunt veniam. Labore vel perferendis iusto blanditiis.', '2018-06-20 00:19:20', '2018-06-20 00:19:20', NULL, NULL),
(96, 199, 'Carmelo Bernier', 2, 'Dicta asperiores quidem cumque numquam. Ut enim ut neque illo est. Expedita nulla id veritatis et aperiam. Natus nostrum nihil rerum laborum a in. Nesciunt dolorem quae voluptatibus placeat.', '2018-06-20 00:19:21', '2018-06-20 00:19:21', NULL, NULL),
(97, 83, 'Jeanie Purdy', 3, 'Qui veritatis voluptas quo consequatur dolor harum ipsa. Est aspernatur veritatis esse quaerat. Rerum eligendi saepe vero harum harum. Ut aut magni et consequatur aliquid et asperiores. Voluptas qui quia aliquid consequuntur aut.', '2018-06-20 00:19:21', '2018-06-20 00:19:21', NULL, NULL),
(98, 148, 'Violet Kessler', 0, 'Quidem qui sapiente corporis vitae. Et est neque labore eum error. Nam delectus delectus eligendi qui assumenda. Alias delectus vel rerum voluptatem consequatur. Minus rerum harum sed inventore.', '2018-06-20 00:19:21', '2018-06-20 00:19:21', NULL, NULL),
(99, 130, 'Jeromy Ondricka', 1, 'Sed voluptas libero fuga.', '2018-06-20 00:19:21', '2018-06-20 00:19:21', NULL, NULL),
(100, 197, 'Breana Littel', 1, 'In assumenda minus asperiores aut dolores. Alias ratione sit voluptas inventore a esse occaecati veniam. Accusamus reprehenderit omnis consequatur voluptas aut temporibus.', '2018-06-20 00:19:21', '2018-06-20 00:19:21', NULL, NULL),
(101, 53, 'Kyler Herzog', 1, 'Ratione quia vero nihil possimus. Odit temporibus commodi eos dolorem et omnis eos et. Repellendus eius fuga exercitationem inventore laudantium rerum fugit. Ea vero odio facere qui et. Error sunt tempora recusandae molestiae adipisci voluptate. Eum et nisi debitis sed architecto ut. Quia voluptatem animi exercitationem sed aut minus.', '2018-06-20 00:19:21', '2018-06-20 00:19:21', NULL, NULL),
(102, 130, 'Dr. Alexzander Becker', 5, 'Odit nihil ut doloremque quo doloribus. Et asperiores sunt aliquam quia. Laudantium voluptatem iure eos praesentium excepturi facilis.', '2018-06-20 00:19:21', '2018-06-20 00:19:21', NULL, NULL),
(103, 33, 'Rubie Gusikowski', 4, 'Quo id ex aperiam et dicta aut aut mollitia. Tempora voluptas repellat culpa aut cumque delectus. Asperiores incidunt nemo aut. Aut omnis excepturi soluta voluptas molestias voluptate omnis. Vel qui totam aut saepe quia magni. Officiis repellat veniam et.', '2018-06-20 00:19:21', '2018-06-20 00:19:21', NULL, NULL),
(104, 157, 'Brigitte Steuber', 4, 'Quo ab ratione suscipit explicabo. Officiis possimus quidem id quae harum placeat. Incidunt vitae doloremque eos omnis. Ut maiores voluptatem assumenda ratione ut ut fugit.', '2018-06-20 00:19:21', '2018-06-20 00:19:21', NULL, NULL),
(105, 90, 'Hal Howe', 1, 'Repellendus accusamus libero vitae. Sed enim quisquam dolorem eius animi.', '2018-06-20 00:19:21', '2018-06-20 00:19:21', NULL, NULL),
(106, 34, 'Garth Hammes DDS', 1, 'Recusandae neque pariatur sequi facere tenetur fugit iusto. Impedit temporibus mollitia ut enim dolore qui.', '2018-06-20 00:19:21', '2018-06-20 00:19:21', NULL, NULL),
(107, 85, 'Dr. Riley Kihn DDS', 0, 'Atque minima et aspernatur sit qui iste.', '2018-06-20 00:19:21', '2018-06-20 00:19:21', NULL, NULL),
(108, 171, 'Josh Gleichner V', 5, 'Ut quae dolorem aut non voluptatem omnis. Possimus aut amet iure reiciendis earum optio fuga. Voluptatem voluptas odit id fugit sunt perspiciatis ut. Architecto culpa maxime quis ipsa aut. Sint quidem veniam nobis alias.', '2018-06-20 00:19:21', '2018-06-20 00:19:21', NULL, NULL),
(109, 52, 'Trystan Becker', 0, 'Blanditiis autem molestiae accusantium et et omnis harum dicta. Corporis est id perspiciatis nesciunt. Dicta temporibus est quia culpa et impedit.', '2018-06-20 00:19:21', '2018-06-20 00:19:21', NULL, NULL),
(110, 110, 'Harvey Price', 1, 'Cumque veritatis voluptatibus rerum molestias et reprehenderit ratione sunt. Dolorem aspernatur esse modi numquam dolores. Voluptatem tenetur neque tenetur et odio commodi. Hic eveniet atque dolorem ut eius quo libero. Omnis magnam iste delectus maiores hic soluta iusto.', '2018-06-20 00:19:21', '2018-06-20 00:19:21', NULL, NULL),
(111, 56, 'Prof. Nyah O\'Kon', 3, 'Doloribus qui occaecati non aut non quis omnis dolorem. Expedita nostrum quo quasi sint voluptas quis et quos. Assumenda atque quis mollitia explicabo quaerat maiores.', '2018-06-20 00:19:21', '2018-06-20 00:19:21', NULL, NULL),
(112, 125, 'Graham Wyman', 2, 'Consequatur expedita saepe beatae in consequuntur aliquid consequatur. Quas eos odio provident et doloremque et sed minima.', '2018-06-20 00:19:21', '2018-06-20 00:19:21', NULL, NULL),
(113, 157, 'Abel Skiles', 2, 'Itaque quis dignissimos fugiat cum temporibus aspernatur consequuntur eligendi. Pariatur minima sed necessitatibus dolores reprehenderit aspernatur temporibus. Optio quae corrupti totam repellendus necessitatibus.', '2018-06-20 00:19:21', '2018-06-20 00:19:21', NULL, NULL),
(114, 164, 'Flavie Macejkovic', 2, 'Earum voluptatibus harum rerum dolore nisi rerum.', '2018-06-20 00:19:21', '2018-06-20 00:19:21', NULL, NULL),
(115, 45, 'Mr. Tremayne Schumm III', 1, 'Fugit ad et reprehenderit iure rem atque odio dicta. Delectus vero veniam quae porro vel consequatur nam repellat. Quo magnam quidem eum. Quos iusto quis perspiciatis libero esse dolore mollitia.', '2018-06-20 00:19:21', '2018-06-20 00:19:21', NULL, NULL),
(116, 138, 'Rafaela Jones', 0, 'Nemo voluptate totam non sit. Ratione eaque ipsa sit voluptatum.', '2018-06-20 00:19:22', '2018-06-20 00:19:22', NULL, NULL),
(117, 108, 'Dr. Angela Schinner Jr.', 1, 'Ullam ipsum explicabo alias. Odit itaque eos labore sunt. Totam vitae dolor rerum. Ut ipsa officia id architecto quo recusandae beatae. Praesentium exercitationem ut est blanditiis perferendis ipsa aliquam.', '2018-06-20 00:19:22', '2018-06-20 00:19:22', NULL, NULL),
(118, 102, 'Prof. Leda Glover', 3, 'Facilis ea optio eligendi sit reiciendis. Aut earum libero dolorem sunt quis corporis omnis illum. Voluptate ratione ut rerum et.', '2018-06-20 00:19:22', '2018-06-20 00:19:22', NULL, NULL),
(119, 8, 'Felipa O\'Reilly III', 4, 'Id occaecati est amet iure aut nam.', '2018-06-20 00:19:22', '2018-06-20 00:19:22', NULL, NULL),
(120, 3, 'Prof. Zoey Prohaska IV', 5, 'Sit rerum ut maiores maxime tempore quis sit. Sit corporis ut modi mollitia corporis laboriosam totam. Id ea iusto sint quam corporis dolorem. Occaecati quo eveniet est illo nostrum. Ut veritatis sit voluptas ipsum velit odio dolor praesentium. Aut et dolorem dolor aut omnis maiores.', '2018-06-20 00:19:22', '2018-06-20 00:19:22', NULL, NULL),
(121, 28, 'Haylie Lueilwitz', 0, 'Reiciendis aut sit unde quae. Doloremque ratione quia magni tempore unde culpa dolorum. Voluptas dolores omnis hic temporibus molestiae ea nobis nam.', '2018-06-20 00:19:22', '2018-06-20 00:19:22', NULL, NULL),
(122, 138, 'Izaiah Dickens', 0, 'Minus deleniti dolorem qui alias doloribus.', '2018-06-20 00:19:22', '2018-06-20 00:19:22', NULL, NULL),
(123, 147, 'Dr. Mustafa Wiza DDS', 2, 'Nemo repellat velit earum omnis quo sit. Neque id vitae voluptatum.', '2018-06-20 00:19:22', '2018-06-20 00:19:22', NULL, NULL),
(124, 128, 'Dandre O\'Keefe', 2, 'Expedita ipsam sapiente rerum et.', '2018-06-20 00:19:22', '2018-06-20 00:19:22', NULL, NULL),
(125, 18, 'Alena Adams', 0, 'Consequatur eos sit perferendis enim iste sit. Adipisci maxime dolorem explicabo consectetur nihil odio autem. Deserunt itaque laudantium magnam sunt.', '2018-06-20 00:19:22', '2018-06-20 00:19:22', NULL, NULL),
(126, 155, 'Maiya Pollich', 0, 'Ex laudantium quaerat odit ut quibusdam. Sint nostrum velit quisquam labore nulla corrupti temporibus. Est accusamus numquam aut libero et aut.', '2018-06-20 00:19:22', '2018-06-20 00:19:22', NULL, NULL),
(127, 133, 'Fernando Barton', 0, 'Et labore minus sed quibusdam fugit. Nihil deserunt non itaque magnam quidem.', '2018-06-20 00:19:22', '2018-06-20 00:19:22', NULL, NULL),
(128, 94, 'Kaylie Fay I', 3, 'Et incidunt odio ea sit at ut. Deserunt optio aspernatur dolores eos minima. Itaque sed alias ullam rerum veritatis qui neque magni. Harum sunt ut rem ipsam rerum autem. Ducimus provident ullam sed minus quidem.', '2018-06-20 00:19:22', '2018-06-20 00:19:22', NULL, NULL),
(129, 57, 'Eva Dibbert', 3, 'Et dolor rerum ad voluptatem earum sit est.', '2018-06-20 00:19:22', '2018-06-20 00:19:22', NULL, NULL),
(130, 120, 'Winston Schmidt Jr.', 0, 'Beatae animi quisquam et eum eligendi tempora officia. At hic sit id alias eaque rerum et.', '2018-06-20 00:19:22', '2018-06-20 00:19:22', NULL, NULL),
(131, 180, 'Jason Nader', 3, 'Dolor est fugit occaecati harum unde perferendis. Voluptatibus praesentium consequatur et et voluptatum quis.', '2018-06-20 00:19:22', '2018-06-20 00:19:22', NULL, NULL),
(132, 168, 'Barbara Satterfield', 1, 'Repudiandae cum qui et nostrum inventore repudiandae. Quibusdam quam nihil maiores et inventore doloribus necessitatibus officiis.', '2018-06-20 00:19:22', '2018-06-20 00:19:22', NULL, NULL),
(133, 147, 'Lurline Spinka', 4, 'Eaque ullam iste suscipit quia et expedita. Quaerat deleniti adipisci similique voluptas qui. Qui illo et qui at.', '2018-06-20 00:19:22', '2018-06-20 00:19:22', NULL, NULL),
(134, 64, 'Tracy Block', 4, 'Repellendus fugit et earum quam. Sint blanditiis eius cupiditate. Odit rerum possimus ab nihil impedit nihil beatae. Architecto modi dolor ad et rerum maiores aliquid.', '2018-06-20 00:19:22', '2018-06-20 00:19:22', NULL, NULL),
(135, 148, 'Maureen Littel', 2, 'Rem suscipit ea doloremque quos ipsam. Officia veritatis ratione laudantium provident assumenda ut.', '2018-06-20 00:19:22', '2018-06-20 00:19:22', NULL, NULL),
(136, 108, 'Dr. Bennie Quitzon', 3, 'Temporibus aut iure nulla praesentium. Repellat deleniti similique ab ratione reiciendis sit.', '2018-06-20 00:19:22', '2018-06-20 00:19:22', NULL, NULL),
(137, 179, 'Mr. Keon Reichel', 2, 'Molestiae explicabo facere quo libero pariatur iusto. Error aut et possimus ipsam.', '2018-06-20 00:19:23', '2018-06-20 00:19:23', NULL, NULL),
(138, 64, 'Leland Langosh', 2, 'Repellendus eos magni beatae. Aut ipsum voluptas officia velit. Saepe deserunt quibusdam vero provident. Repudiandae ea aspernatur modi commodi.', '2018-06-20 00:19:23', '2018-06-20 00:19:23', NULL, NULL),
(139, 54, 'Marcelle Trantow', 2, 'Explicabo voluptatem repudiandae praesentium blanditiis totam vel. Consequatur eos quia perspiciatis qui voluptate qui. Molestias tempore asperiores numquam eligendi quo ratione modi eligendi.', '2018-06-20 00:19:23', '2018-06-20 00:19:23', NULL, NULL),
(140, 152, 'Carlotta Zieme PhD', 0, 'Unde impedit consequatur quaerat rerum neque iusto. Omnis facilis qui autem laudantium. Et sit voluptatem nostrum et eos accusamus reiciendis. Ex facilis ut possimus animi molestias amet. Debitis numquam blanditiis nemo beatae quibusdam neque.', '2018-06-20 00:19:23', '2018-06-20 00:19:23', NULL, NULL),
(141, 110, 'Prof. Ansley Schamberger', 3, 'Et vitae beatae sunt molestiae ipsam. Et vitae ab qui tenetur aut eos.', '2018-06-20 00:19:23', '2018-06-20 00:19:23', NULL, NULL),
(142, 40, 'Prof. Bonita Towne IV', 1, 'Voluptatem quaerat dolores consequuntur et voluptas accusantium. Molestiae exercitationem modi atque. Occaecati impedit aliquid nesciunt aut.', '2018-06-20 00:19:23', '2018-06-20 00:19:23', NULL, NULL),
(143, 191, 'Melyssa Streich', 1, 'Veniam qui dignissimos rerum cumque tempore eos quas. Omnis reiciendis ea incidunt quas odio.', '2018-06-20 00:19:23', '2018-06-20 00:19:23', NULL, NULL),
(144, 19, 'Mr. Helmer Reichel', 1, 'Possimus consectetur dignissimos eos rerum rerum asperiores. Eum ipsa molestias quia eos corporis incidunt voluptate labore. Quis cumque accusantium et aliquid explicabo quod porro. Sunt atque laborum reiciendis quia reprehenderit occaecati odio. Quo et excepturi aut. Expedita consectetur quis quos numquam.', '2018-06-20 00:19:23', '2018-06-20 00:19:23', NULL, NULL),
(145, 58, 'Burnice Bradtke', 1, 'Odit harum accusantium quia nihil dolorum ea.', '2018-06-20 00:19:23', '2018-06-20 00:19:23', NULL, NULL),
(146, 70, 'Jude Swaniawski', 1, 'Dicta voluptas sint nulla consequatur expedita. Sapiente modi dolorum non eligendi vel voluptas. Quia ut ullam aspernatur est voluptas. Molestiae omnis aut est qui quidem recusandae.', '2018-06-20 00:19:23', '2018-06-20 00:19:23', NULL, NULL),
(147, 192, 'Coleman Leuschke PhD', 3, 'Et aperiam adipisci rerum exercitationem delectus ut totam.', '2018-06-20 00:19:23', '2018-06-20 00:19:23', NULL, NULL),
(148, 175, 'Alena Casper Jr.', 3, 'Rerum fuga delectus est ab. Facere nisi tenetur dolor minima. Aut adipisci quisquam et adipisci suscipit. Impedit dolor veniam quam est debitis temporibus atque voluptas. Vitae et voluptates voluptatem voluptas. Dolorem ut magnam fugit minima non nemo et. Illo ut officiis in ea et.', '2018-06-20 00:19:23', '2018-06-20 00:19:23', NULL, NULL),
(149, 174, 'Roosevelt Kuhlman', 3, 'Et soluta voluptatem ipsum rem quos.', '2018-06-20 00:19:23', '2018-06-20 00:19:23', NULL, NULL),
(150, 193, 'Mrs. Tiffany Walter', 1, 'Vitae et exercitationem rerum explicabo sit ipsum. Optio doloribus vel aliquid aliquam quaerat quos. Libero consequatur assumenda laborum quibusdam molestias. Est error commodi facere sed quidem quo numquam voluptatem.', '2018-06-20 00:19:23', '2018-06-20 00:19:23', NULL, NULL),
(151, 119, 'Derek Donnelly II', 1, 'Ipsum qui atque eos quaerat ratione. Ex consequatur expedita sed temporibus libero provident. Error provident qui est et dolore architecto corporis. Error perspiciatis aut aut aliquid.', '2018-06-20 00:19:23', '2018-06-20 00:19:23', NULL, NULL),
(152, 184, 'Prof. Claire Brakus', 4, 'Quis quaerat qui et ut vero. Maxime excepturi non et laborum voluptas pariatur.', '2018-06-20 00:19:23', '2018-06-20 00:19:23', NULL, NULL),
(153, 183, 'Woodrow Kohler', 0, 'Dolorem quas maxime molestiae quo aut et. Earum explicabo animi deleniti adipisci. Numquam a dolor est non. Sit error laborum autem sint. Omnis autem provident quia fugit nisi. Accusantium provident quis quo alias nesciunt soluta. A quibusdam ratione aut.', '2018-06-20 00:19:23', '2018-06-20 00:19:23', NULL, NULL),
(154, 200, 'Amparo Mertz', 2, 'Et reprehenderit non expedita soluta delectus. Eveniet voluptatem nobis earum quia rerum. Ipsum id voluptatem debitis illo illum excepturi consequatur. Tenetur a voluptatem ullam saepe sint architecto eligendi. Sunt rerum tempora quas ut cupiditate. Qui et eaque natus consectetur quam.', '2018-06-20 00:19:23', '2018-06-20 00:19:23', NULL, NULL),
(155, 49, 'Dan Howe', 5, 'Sequi quo eos ipsa occaecati consequatur adipisci.', '2018-06-20 00:19:23', '2018-06-20 00:19:23', NULL, NULL),
(156, 60, 'Kaycee Johnson', 3, 'Et hic et molestias illo sint. Quis ut accusantium ut et explicabo. Vero laborum omnis incidunt eum soluta odit. Explicabo qui deserunt asperiores quod quia dignissimos.', '2018-06-20 00:19:23', '2018-06-20 00:19:23', NULL, NULL),
(157, 49, 'Travon Stracke', 5, 'Quia rerum sit cumque nobis dolores pariatur. Esse quia voluptate autem qui. Et voluptatibus sunt incidunt est magnam. Dolor eum aut ut harum alias ut. Voluptatum veniam molestiae culpa laboriosam eveniet.', '2018-06-20 00:19:23', '2018-06-20 00:19:23', NULL, NULL),
(158, 126, 'Marques Ward', 3, 'Eveniet aut blanditiis veniam pariatur ab sunt numquam. Est dolorem adipisci temporibus iusto officiis beatae voluptas. Et ut eos deserunt omnis veniam eligendi eum. Quia sit dignissimos nobis tempore.', '2018-06-20 00:19:23', '2018-06-20 00:19:23', NULL, NULL),
(159, 31, 'Jonas Skiles Sr.', 1, 'Facere omnis doloremque voluptates dignissimos molestiae doloribus. Reiciendis voluptatem dolor et nemo sit et. Molestiae est ab enim sed quas.', '2018-06-20 00:19:23', '2018-06-20 00:19:23', NULL, NULL),
(160, 39, 'Pink Hoeger', 4, 'Ut perferendis voluptates rerum et nostrum vitae. Excepturi quia necessitatibus id omnis aut eius. Nobis pariatur eos deserunt. Vero et vitae earum iure nemo.', '2018-06-20 00:19:23', '2018-06-20 00:19:23', NULL, NULL),
(161, 3, 'Irving Boyle', 5, 'Est et illo quos nam qui cumque qui. Ad dolorem harum reprehenderit explicabo est ex consequatur. Suscipit voluptatibus illum et minima. Et molestiae error id deserunt expedita. Voluptatem reiciendis expedita dolores quasi omnis. Cumque accusamus qui magnam et. Accusamus unde consequatur voluptatum vel provident.', '2018-06-20 00:19:24', '2018-06-20 00:19:24', NULL, NULL),
(162, 113, 'Gay Lemke', 4, 'Occaecati vero libero repellendus tempora doloremque.', '2018-06-20 00:19:24', '2018-06-20 00:19:24', NULL, NULL),
(163, 147, 'Waino Nicolas', 1, 'Voluptatem perferendis asperiores est omnis asperiores repudiandae.', '2018-06-20 00:19:24', '2018-06-20 00:19:24', NULL, NULL),
(164, 111, 'Ludwig Berge', 0, 'Recusandae est in quis itaque eos.', '2018-06-20 00:19:24', '2018-06-20 00:19:24', NULL, NULL),
(165, 149, 'Dr. Timmothy Gottlieb', 4, 'Id eaque repudiandae dolores laudantium voluptates cupiditate dolorum. Asperiores vel vero qui sit. Tenetur reiciendis asperiores ducimus sunt.', '2018-06-20 00:19:24', '2018-06-20 00:19:24', NULL, NULL),
(166, 144, 'Ada Jacobi', 0, 'Aperiam reiciendis sed ut iste voluptas. Laudantium dolor sed beatae aut vitae et.', '2018-06-20 00:19:24', '2018-06-20 00:19:24', NULL, NULL),
(167, 59, 'Terry Ryan', 1, 'Non sint nostrum expedita atque. Amet et numquam nostrum ut suscipit temporibus. Sequi maiores et saepe aut temporibus omnis. Placeat quos maxime quis sunt sequi aut accusamus.', '2018-06-20 00:19:24', '2018-06-20 00:19:24', NULL, NULL),
(168, 78, 'Mrs. Amanda Jenkins', 4, 'Aut quia sunt quod saepe quo excepturi. Ea voluptatem provident labore quo ea et excepturi. Tenetur et ut et amet. Omnis architecto ut occaecati. Error similique fugiat voluptatem ducimus est voluptatibus. Est aut debitis aut ullam autem debitis. Pariatur consequatur numquam magni vel ex.', '2018-06-20 00:19:24', '2018-06-20 00:19:24', NULL, NULL),
(169, 39, 'Liliane Orn', 3, 'Ratione sunt molestias dolorem alias commodi fuga. Quis voluptatum blanditiis deserunt.', '2018-06-20 00:19:24', '2018-06-20 00:19:24', NULL, NULL),
(170, 54, 'Elise Zieme', 0, 'Non molestias aut voluptas omnis. Sit ex quo et. Velit ipsum quia et.', '2018-06-20 00:19:24', '2018-06-20 00:19:24', NULL, NULL),
(171, 11, 'Alisa Gleichner', 2, 'Est excepturi porro sed molestiae vel a vero. Odit quasi aspernatur aspernatur nihil in blanditiis rem beatae.', '2018-06-20 00:19:24', '2018-06-20 00:19:24', NULL, NULL),
(172, 34, 'Adele Kemmer', 0, 'Necessitatibus odio cumque aliquid similique.', '2018-06-20 00:19:24', '2018-06-20 00:19:24', NULL, NULL),
(173, 78, 'Dr. Myra Gorczany', 4, 'Perspiciatis est est ipsam eius fuga.', '2018-06-20 00:19:24', '2018-06-20 00:19:24', NULL, NULL),
(174, 109, 'Reuben Lueilwitz', 0, 'Atque aut eius dolorem quae qui odio. Porro aspernatur eligendi unde sed sit qui perferendis.', '2018-06-20 00:19:24', '2018-06-20 00:19:24', NULL, NULL),
(175, 55, 'Prof. Consuelo Lang', 1, 'Vero cupiditate ut sint quo blanditiis voluptas quidem et. Rerum et et assumenda est accusantium.', '2018-06-20 00:19:24', '2018-06-20 00:19:24', NULL, NULL),
(176, 85, 'Raphael Predovic I', 3, 'Excepturi et id dolorem repellat eos. Vitae sed eius sit. Molestiae sint sit ea quia culpa.', '2018-06-20 00:19:24', '2018-06-20 00:19:24', NULL, NULL),
(177, 31, 'Prof. Arden Bednar', 5, 'Eum necessitatibus unde corporis enim.', '2018-06-20 00:19:24', '2018-06-20 00:19:24', NULL, NULL),
(178, 91, 'Kyla Dach', 4, 'Quis est voluptatem tempore veritatis quod.', '2018-06-20 00:19:24', '2018-06-20 00:19:24', NULL, NULL),
(179, 188, 'Afton Hickle', 3, 'Sunt aliquam ullam et in eum dolorem. Ut doloribus sunt magnam voluptas ut.', '2018-06-20 00:19:24', '2018-06-20 00:19:24', NULL, NULL),
(180, 151, 'Adah Crona', 0, 'In fuga voluptatem porro quo necessitatibus.', '2018-06-20 00:19:24', '2018-06-20 00:19:24', NULL, NULL),
(181, 52, 'Maverick Lakin', 2, 'Sed alias quia saepe sunt alias. Est possimus nihil aut ut qui. Est quisquam cupiditate et possimus labore aut id.', '2018-06-20 00:19:24', '2018-06-20 00:19:24', NULL, NULL),
(182, 143, 'Narciso Langosh', 5, 'Quas impedit sunt vel et. Eveniet hic minus maiores saepe aliquam. Ut consectetur autem laudantium laboriosam sit voluptas veniam.', '2018-06-20 00:19:24', '2018-06-20 00:19:24', NULL, NULL),
(183, 59, 'Marilou Roberts II', 2, 'Rerum a cupiditate autem fugiat.', '2018-06-20 00:19:24', '2018-06-20 00:19:24', NULL, NULL),
(184, 180, 'Alba Smith', 4, 'Aut totam ipsum et itaque asperiores voluptatibus voluptatem. Quis quam est atque facere voluptas. Ea pariatur et id molestias maxime omnis itaque dolorum.', '2018-06-20 00:19:25', '2018-06-20 00:19:25', NULL, NULL),
(185, 135, 'Helena Veum', 4, 'Consequatur quia animi illum animi. Voluptatem ut dolorum dolorem ut est ad. At debitis voluptate ratione quia in aperiam ratione. Atque quidem blanditiis nisi deleniti odit laborum ut. Quis eveniet est velit dolores velit occaecati aut.', '2018-06-20 00:19:25', '2018-06-20 00:19:25', NULL, NULL),
(186, 2, 'Lucius Jacobi', 0, 'Reiciendis quos aut dignissimos aspernatur impedit. Odit adipisci sapiente illo tempora consequatur et. Aspernatur quis iure asperiores quis et error quaerat quis.', '2018-06-20 00:19:25', '2018-06-20 00:19:25', NULL, NULL),
(187, 16, 'Laisha Gutkowski', 1, 'Est vel quasi est tempore ut vel odit. Exercitationem eveniet nemo minima architecto.', '2018-06-20 00:19:25', '2018-06-20 00:19:25', NULL, NULL),
(188, 66, 'Jesus Okuneva', 0, 'Nihil ut animi reiciendis distinctio nemo et provident quis. Sint repellat nostrum adipisci. Voluptatibus non velit atque sint. Eligendi et quia voluptates fugiat quam vitae. Voluptate cumque eos quos vero voluptatem labore corrupti.', '2018-06-20 00:19:25', '2018-06-20 00:19:25', NULL, NULL),
(189, 97, 'Dr. Jacklyn Hilll IV', 0, 'Soluta omnis enim laborum voluptatem. Tempore rerum ex id veniam ex accusantium. Beatae praesentium sit perferendis qui molestiae soluta. Ut quasi non delectus suscipit.', '2018-06-20 00:19:25', '2018-06-20 00:19:25', NULL, NULL),
(190, 134, 'Prof. Nellie Johnston', 2, 'Rem consequuntur ad consectetur enim. Rem voluptates nihil ad consequatur sapiente rerum. Optio id nulla debitis omnis atque quia. Fugit optio ut facere temporibus recusandae voluptatem.', '2018-06-20 00:19:25', '2018-06-20 00:19:25', NULL, NULL),
(191, 142, 'Mrs. Micaela Wehner MD', 3, 'Maiores molestiae sunt deserunt veniam ex molestias aut. Enim sunt et deleniti facilis. Impedit aut dolor sapiente sed.', '2018-06-20 00:19:25', '2018-06-20 00:19:25', NULL, NULL),
(192, 182, 'Mr. Arne Hauck DDS', 2, 'Quae aperiam natus nesciunt commodi numquam et reiciendis ex. Dolores quia est veritatis qui aut. Iste animi modi praesentium laborum laborum eveniet in pariatur. Ipsam tempora ad nisi perferendis. Dolorum aspernatur nihil quo ipsum expedita voluptate voluptas. Reiciendis culpa aut totam delectus excepturi dolorum rem.', '2018-06-20 00:19:25', '2018-06-20 00:19:25', NULL, NULL),
(193, 14, 'Noah Kassulke', 3, 'Soluta laborum cumque quidem placeat. Laboriosam molestiae aliquid soluta. Aut neque eos quis libero veritatis quam. Magnam voluptas dolor eum aut et cupiditate id.', '2018-06-20 00:19:25', '2018-06-20 00:19:25', NULL, NULL),
(194, 30, 'Elza Boyer', 3, 'Assumenda deserunt est dolores enim accusamus libero. Voluptas porro hic aut tenetur. Quaerat nihil molestias totam dolor. At ipsum eos enim. Eos dolorum expedita dolores et animi. Sunt voluptatem unde ullam eos iusto.', '2018-06-20 00:19:25', '2018-06-20 00:19:25', NULL, NULL),
(195, 26, 'Dr. Pedro Wiza', 1, 'Tenetur omnis est commodi perferendis vel et et et. Est laborum suscipit animi cupiditate commodi.', '2018-06-20 00:19:25', '2018-06-20 00:19:25', NULL, NULL),
(196, 103, 'Prof. Hollis Bernhard Jr.', 4, 'Maxime voluptas alias esse consequatur inventore.', '2018-06-20 00:19:25', '2018-06-20 00:19:25', NULL, NULL),
(197, 193, 'Mr. Chaz Swaniawski', 0, 'Eum quae libero culpa amet animi distinctio. Cum accusamus reiciendis delectus voluptatibus commodi. Asperiores quod culpa quisquam. Non ab est magnam necessitatibus iure et.', '2018-06-20 00:19:26', '2018-06-20 00:19:26', NULL, NULL),
(198, 82, 'Ryley Shanahan Jr.', 0, 'Laboriosam illum sit aut qui dolores et. Occaecati molestiae sunt occaecati magnam aut aut ducimus earum. Voluptatem illo dolore voluptatem delectus fuga corporis enim. Magni hic sit eos. Modi totam qui tenetur facilis qui ad laudantium exercitationem.', '2018-06-20 00:19:26', '2018-06-20 00:19:26', NULL, NULL),
(199, 164, 'Elmo Harber', 4, 'Accusamus atque nobis rem deleniti. Nihil architecto quas dolorem aperiam exercitationem. Aut impedit sint ducimus ea in eos. Incidunt sunt est pariatur quam quis consequuntur beatae expedita.', '2018-06-20 00:19:26', '2018-06-20 00:19:26', NULL, NULL),
(200, 91, 'Alivia Runolfsdottir DDS', 5, 'Debitis assumenda dolorum qui rerum libero. Necessitatibus impedit et necessitatibus est maiores. Est consequatur eligendi nihil. Esse incidunt qui autem autem et omnis et.', '2018-06-20 00:19:26', '2018-06-20 00:19:26', NULL, NULL),
(201, 45, 'Mrs. Octavia Pagac', 0, 'Aut sapiente dolor eligendi aut id totam.', '2018-06-20 00:19:26', '2018-06-20 00:19:26', NULL, NULL),
(202, 156, 'Lia Weissnat', 0, 'Beatae vitae ea maiores placeat quibusdam veritatis suscipit. Reiciendis autem illo ut dolor. Tempore suscipit nesciunt expedita et eligendi repellendus a quidem.', '2018-06-20 00:19:26', '2018-06-20 00:19:26', NULL, NULL),
(203, 124, 'Paris Kilback I', 5, 'Consequatur quo excepturi aut ut ullam magnam quasi in.', '2018-06-20 00:19:26', '2018-06-20 00:19:26', NULL, NULL),
(204, 167, 'Devyn Bailey', 2, 'Enim eos amet assumenda occaecati non iusto pariatur. Numquam ut corporis nisi itaque. Id iste voluptates quo commodi explicabo praesentium. Voluptatem voluptatem ut quo modi natus nesciunt magni.', '2018-06-20 00:19:26', '2018-06-20 00:19:26', NULL, NULL);
INSERT INTO `reviews` (`id`, `book_id`, `reviewer`, `star`, `description`, `created_at`, `updated_at`, `created_by`, `updated_by`) VALUES
(205, 118, 'Selmer Sawayn', 4, 'Autem aspernatur libero et ut laborum magnam laudantium. Omnis sed nulla officia reiciendis facere et. Iste quia possimus unde deleniti fugiat esse eveniet aut. Consequatur commodi et voluptate est occaecati. Est quo dignissimos accusamus sint sit ducimus. Iure accusamus enim pariatur beatae voluptatem et sed.', '2018-06-20 00:19:26', '2018-06-20 00:19:26', NULL, NULL),
(206, 97, 'Daphney Bergstrom', 3, 'Qui quam nemo inventore eum ea perspiciatis aut. Iure voluptas ducimus et in. Occaecati sit qui id enim qui deserunt. Vero sit perferendis ut ad rerum sed quod.', '2018-06-20 00:19:26', '2018-06-20 00:19:26', NULL, NULL),
(207, 40, 'Estrella Cummerata PhD', 2, 'Fuga in molestiae eos est modi. Voluptates veritatis reiciendis et. Sed iste sit corporis saepe quasi et sint et. Quisquam ut fugit quas eligendi culpa optio sed quod.', '2018-06-20 00:19:26', '2018-06-20 00:19:26', NULL, NULL),
(208, 200, 'Xzavier Hahn', 2, 'Dolore voluptatum cupiditate accusantium voluptate earum impedit. Quidem ut vel qui facere perspiciatis minima. Quibusdam et animi et quia commodi quod et.', '2018-06-20 00:19:26', '2018-06-20 00:19:26', NULL, NULL),
(209, 159, 'Dr. Aliza Wolff DVM', 2, 'Qui delectus accusantium repellat dignissimos.', '2018-06-20 00:19:26', '2018-06-20 00:19:26', NULL, NULL),
(210, 147, 'Cortney Ryan', 1, 'Est rerum laboriosam voluptas aut aliquam facilis. Enim consectetur saepe modi recusandae.', '2018-06-20 00:19:26', '2018-06-20 00:19:26', NULL, NULL),
(211, 92, 'Arch Hodkiewicz', 1, 'Ut id animi aut libero ut itaque alias explicabo.', '2018-06-20 00:19:26', '2018-06-20 00:19:26', NULL, NULL),
(212, 179, 'Whitney Collier', 2, 'Soluta rerum est magnam. Atque quos non fugit iste. Temporibus omnis tempora eveniet nihil omnis cum. Aut autem aut dolor exercitationem quae rerum.', '2018-06-20 00:19:27', '2018-06-20 00:19:27', NULL, NULL),
(213, 126, 'Gabe Sanford DVM', 2, 'Ut et hic possimus molestiae numquam eum quidem. Iusto accusantium accusantium magni consequatur. Ut sed temporibus repellendus qui.', '2018-06-20 00:19:27', '2018-06-20 00:19:27', NULL, NULL),
(214, 11, 'Prof. Al Botsford', 3, 'Et magni dolorem ut tempora sed. Earum vel voluptate officia odio atque consequatur et. Distinctio in distinctio molestiae quas ipsum est a. Qui distinctio provident consectetur aut tempora molestias.', '2018-06-20 00:19:27', '2018-06-20 00:19:27', NULL, NULL),
(215, 200, 'Prof. Chesley Mosciski', 0, 'Aliquam libero suscipit ad et. Enim nihil molestiae quaerat commodi nobis dolore autem. Aspernatur nemo voluptas non rerum. Laborum itaque enim in odio recusandae sed.', '2018-06-20 00:19:27', '2018-06-20 00:19:27', NULL, NULL),
(216, 15, 'Malinda Pouros', 2, 'Dolor id provident quasi eos facere perspiciatis reiciendis dolor. Amet id vero ut.', '2018-06-20 00:19:27', '2018-06-20 00:19:27', NULL, NULL),
(217, 168, 'Sage Ruecker', 1, 'Eos nostrum maxime alias animi molestias dolores.', '2018-06-20 00:19:27', '2018-06-20 00:19:27', NULL, NULL),
(218, 178, 'Tito Romaguera', 0, 'Alias nulla ut est nulla occaecati. Eveniet fugit eum est ut.', '2018-06-20 00:19:27', '2018-06-20 00:19:27', NULL, NULL),
(219, 52, 'Vincent Huel', 5, 'Eveniet ipsam magnam inventore eos et. Explicabo dolorum corporis sit et dignissimos ut sit eaque. Non id vitae suscipit et totam quo quae.', '2018-06-20 00:19:27', '2018-06-20 00:19:27', NULL, NULL),
(220, 77, 'Carley Gusikowski III', 3, 'Nam rem sed pariatur ipsum sequi ullam. Quos fugiat et assumenda incidunt. Enim molestias consequatur quam et eos. Qui in amet libero repellat mollitia laborum sit. Quia minus quas consequuntur rerum earum repellendus nisi. Voluptatem atque a omnis amet id. Similique omnis expedita atque excepturi illum.', '2018-06-20 00:19:27', '2018-06-20 00:19:27', NULL, NULL),
(221, 151, 'Rylee Dickens', 4, 'Atque aut voluptas enim. Aspernatur tenetur ad dolor placeat. Sapiente ipsa et cum adipisci aliquam sit temporibus. Veniam maiores voluptates nisi laborum consequatur. Voluptatibus voluptates aspernatur rerum aliquid id rerum necessitatibus.', '2018-06-20 00:19:27', '2018-06-20 00:19:27', NULL, NULL),
(222, 159, 'Mack Lubowitz IV', 5, 'Exercitationem repudiandae delectus et ut soluta sed aut. Velit hic corporis quisquam molestiae suscipit pariatur dolore. Placeat libero et culpa enim error vitae.', '2018-06-20 00:19:27', '2018-06-20 00:19:27', NULL, NULL),
(223, 142, 'Ofelia Auer', 2, 'Consequatur voluptatem voluptatem vel porro harum aliquid magni. Sunt consequatur adipisci quos et et rerum.', '2018-06-20 00:19:27', '2018-06-20 00:19:27', NULL, NULL),
(224, 107, 'Miss Emmy Mills', 4, 'Dolores et rerum a deleniti culpa. Qui libero maiores sequi laudantium sapiente cupiditate. Fugit necessitatibus sint iure non quisquam molestiae illo.', '2018-06-20 00:19:27', '2018-06-20 00:19:27', NULL, NULL),
(225, 200, 'Zora Littel', 0, 'Fuga quam iure non nulla libero autem omnis doloremque. Facilis voluptatem tenetur id vero quod. Impedit accusantium aut odio ipsa. Fugiat earum optio minima voluptatem et et fugit. Perferendis qui velit dolor reiciendis ut.', '2018-06-20 00:19:27', '2018-06-20 00:19:27', NULL, NULL),
(226, 85, 'Maxie Shanahan', 2, 'Ut et fugiat expedita molestias non minima rerum. Nam dolorem ut omnis aspernatur est molestias optio et. Quas ea dignissimos sit sunt ratione minus explicabo. Veritatis eius adipisci rerum ad enim quisquam.', '2018-06-20 00:19:27', '2018-06-20 00:19:27', NULL, NULL),
(227, 130, 'Florida Okuneva', 0, 'Est voluptatem quis ea necessitatibus natus molestiae. Culpa nemo amet mollitia repudiandae et. Eos et ipsa tenetur similique velit autem.', '2018-06-20 00:19:27', '2018-06-20 00:19:27', NULL, NULL),
(228, 54, 'Dr. Bartholome Torphy IV', 4, 'Est qui velit ut. Magni voluptatem optio saepe quis voluptatem perferendis. Et vel dolor molestiae voluptas quis dolores temporibus amet. In saepe nemo officiis consequatur similique. Exercitationem doloribus ut cupiditate odit cumque nemo. Ratione vero rerum incidunt error quaerat doloremque totam illum.', '2018-06-20 00:19:27', '2018-06-20 00:19:27', NULL, NULL),
(229, 70, 'Harry Wintheiser', 1, 'Quia qui inventore explicabo. Cumque explicabo est vel sequi ut distinctio. Impedit aliquam accusamus doloremque in nobis illo. Libero alias rerum ullam et.', '2018-06-20 00:19:27', '2018-06-20 00:19:27', NULL, NULL),
(230, 28, 'Mrs. Felipa Pacocha', 3, 'Minima id esse sequi laborum et qui corporis. Magnam aut sed corrupti et praesentium iusto. Ut voluptas tempora consequuntur numquam maxime aut libero deserunt. Quo nobis cum et quia nulla laborum nihil repellat.', '2018-06-20 00:19:27', '2018-06-20 00:19:27', NULL, NULL),
(231, 63, 'Libby Goldner', 3, 'Blanditiis voluptas culpa facilis qui reiciendis. Recusandae aut quae vel exercitationem ut itaque. Repellat consequatur nobis quis dicta. Assumenda eos explicabo omnis dolor saepe commodi. Nemo aut eius est. Impedit est voluptatum eligendi id nobis est.', '2018-06-20 00:19:28', '2018-06-20 00:19:28', NULL, NULL),
(232, 172, 'Kacey Hammes', 3, 'Velit ratione quo nihil eos blanditiis. Illum distinctio numquam voluptatem nesciunt aliquid asperiores et iste.', '2018-06-20 00:19:28', '2018-06-20 00:19:28', NULL, NULL),
(233, 73, 'Maribel Kemmer', 2, 'Aut neque veritatis nisi aspernatur provident. Laboriosam est voluptatem quisquam aut. Placeat ex omnis odit quo porro iure.', '2018-06-20 00:19:28', '2018-06-20 00:19:28', NULL, NULL),
(234, 68, 'Mr. Frank Jenkins', 0, 'Et voluptatem doloremque quibusdam officia placeat. Enim sequi consequatur ad itaque doloribus distinctio cumque. Debitis fugiat nemo dignissimos molestiae sed ducimus unde.', '2018-06-20 00:19:28', '2018-06-20 00:19:28', NULL, NULL),
(235, 186, 'Madie Reinger', 1, 'Quasi vero deleniti ad et. Similique quod est quisquam architecto aliquam velit rerum. Impedit voluptates quos nesciunt qui adipisci nesciunt ut.', '2018-06-20 00:19:28', '2018-06-20 00:19:28', NULL, NULL),
(236, 86, 'Sunny Deckow', 0, 'Iure rem eum aliquid aliquam voluptas iusto ut. Reprehenderit pariatur rerum distinctio neque. Facilis rerum et at dolores impedit fuga. Voluptatibus odio autem labore quibusdam. Consequatur magnam ipsum blanditiis id incidunt placeat.', '2018-06-20 00:19:28', '2018-06-20 00:19:28', NULL, NULL),
(237, 180, 'Prof. Stephan Jenkins III', 5, 'Eos praesentium voluptatem placeat ipsum. Natus et ducimus non ea deleniti et aliquid quas. Doloremque ab modi aliquid quia ipsum iste ipsum iste.', '2018-06-20 00:19:28', '2018-06-20 00:19:28', NULL, NULL),
(238, 63, 'Stephan Jenkins II', 5, 'Eos error expedita et. Quisquam et qui sequi doloribus rem esse amet.', '2018-06-20 00:19:28', '2018-06-20 00:19:28', NULL, NULL),
(239, 44, 'Greg Raynor', 3, 'Exercitationem vel vel minus.', '2018-06-20 00:19:28', '2018-06-20 00:19:28', NULL, NULL),
(240, 3, 'Lavina Glover Jr.', 3, 'Maxime totam reiciendis aut adipisci aliquam. Enim porro reiciendis voluptatum voluptatem architecto. Unde eos illum officia dolorem quas voluptatibus. Quam est nostrum velit repellat qui ut illum assumenda.', '2018-06-20 00:19:28', '2018-06-20 00:19:28', NULL, NULL),
(241, 64, 'Taya Daniel', 1, 'Voluptatem id facilis eveniet voluptatem earum facilis assumenda. Voluptatem et et et repellendus molestias eius ex. Repellat ea voluptas ratione. Consectetur nihil eum at sit excepturi esse. Fugit odio soluta ea reprehenderit ut sed. Minima praesentium at odio molestiae commodi.', '2018-06-20 00:19:28', '2018-06-20 00:19:28', NULL, NULL),
(242, 58, 'Dr. Loyal Parker IV', 0, 'Ratione sit minus neque aliquam vero. Voluptatem deleniti inventore est quo et nemo minima.', '2018-06-20 00:19:28', '2018-06-20 00:19:28', NULL, NULL),
(243, 38, 'Celine Volkman', 5, 'Repellendus quaerat quo incidunt laudantium porro nam similique eos. Qui sunt aut nobis repellendus natus dolor officia.', '2018-06-20 00:19:28', '2018-06-20 00:19:28', NULL, NULL),
(244, 125, 'Elenor Bailey', 1, 'Sed doloribus rerum officia aut eum. Placeat odio voluptatem voluptatem corporis voluptatem libero. Quia quo excepturi est quas velit doloribus. Aliquid facere et rerum culpa ad.', '2018-06-20 00:19:28', '2018-06-20 00:19:28', NULL, NULL),
(245, 66, 'Anne Crona', 3, 'Repellendus veritatis dolores doloribus id eos. Expedita quam ut temporibus vero facere. Ut libero eum laboriosam id porro minus et. Quia distinctio explicabo labore voluptatem et aut optio et. Voluptates hic veniam est est placeat natus nobis tempora. Corrupti eaque ab libero unde velit.', '2018-06-20 00:19:28', '2018-06-20 00:19:28', NULL, NULL),
(246, 96, 'Lola Ward', 5, 'Est rerum eos quia ut sit quia tenetur. Itaque enim odio cumque.', '2018-06-20 00:19:28', '2018-06-20 00:19:28', NULL, NULL),
(247, 58, 'Mya Schmeler', 5, 'Quia quaerat omnis consequatur aut voluptatem maxime alias. Repellendus numquam voluptas itaque et commodi quia.', '2018-06-20 00:19:28', '2018-06-20 00:19:28', NULL, NULL),
(248, 132, 'Thad Beier Sr.', 3, 'Ut animi numquam illum aut itaque rerum eum. Soluta quo aliquid iusto facere ratione. Qui quod repudiandae iusto ipsa cumque qui accusamus. Id veniam et quia soluta laudantium.', '2018-06-20 00:19:28', '2018-06-20 00:19:28', NULL, NULL),
(249, 34, 'Olin Runolfsdottir', 3, 'Esse et provident dolores cumque aut neque. Repellat et alias ducimus officia temporibus. Animi fuga nemo voluptatibus eos.', '2018-06-20 00:19:28', '2018-06-20 00:19:28', NULL, NULL),
(250, 2, 'Hildegard Kessler', 3, 'Molestias corrupti minima iusto velit. Tempora officia doloremque sapiente itaque et asperiores.', '2018-06-20 00:19:29', '2018-06-20 00:19:29', NULL, NULL),
(251, 114, 'Davion Carter', 3, 'Velit unde maiores et quos. Error non sed ratione unde occaecati. Repellendus quod quia rem saepe et eveniet.', '2018-06-20 00:19:29', '2018-06-20 00:19:29', NULL, NULL),
(252, 23, 'Oceane Wiza II', 5, 'Maxime quasi nihil qui sint. Neque tempore eveniet nam maiores ad natus quo debitis. Corporis ullam officia ut quis. Excepturi amet rem delectus esse id. Et placeat quos dolore aut dolorem.', '2018-06-20 00:19:29', '2018-06-20 00:19:29', NULL, NULL),
(253, 47, 'Omari Pfannerstill', 0, 'Consequatur et eum error sunt. Earum autem rem voluptas sit et ea ad. Ipsa earum odit laboriosam ad enim eum.', '2018-06-20 00:19:29', '2018-06-20 00:19:29', NULL, NULL),
(254, 71, 'Eldon Kulas II', 2, 'Vel aliquam distinctio illo similique voluptas assumenda sunt eveniet. Nihil eius eum ab repudiandae repudiandae amet. Praesentium voluptatem impedit rerum eligendi voluptatibus cumque. Expedita veritatis nihil quia harum. Quas natus natus nulla. Rem porro ut eligendi dicta rerum.', '2018-06-20 00:19:29', '2018-06-20 00:19:29', NULL, NULL),
(255, 23, 'Francesco Grant', 1, 'Dolorem explicabo nemo sapiente sint rem voluptas assumenda iste. Dolorem ut itaque occaecati neque qui id ipsum.', '2018-06-20 00:19:29', '2018-06-20 00:19:29', NULL, NULL),
(256, 61, 'Mr. Bertha Stanton Sr.', 0, 'Ut labore dignissimos quos odio quisquam dolores. Voluptates dolor sunt qui omnis et veritatis in voluptatem. Dolorem id sunt voluptatibus earum quo. Sint eveniet non laboriosam omnis sapiente officiis amet.', '2018-06-20 00:19:29', '2018-06-20 00:19:29', NULL, NULL),
(257, 93, 'Edna Schmeler', 4, 'In aut pariatur sapiente odio maiores dolor laboriosam. Est voluptate et deserunt perspiciatis et molestiae. Ea similique natus non. Quia cum quia tempore aspernatur minus ex. Eum officiis possimus non voluptas qui.', '2018-06-20 00:19:29', '2018-06-20 00:19:29', NULL, NULL),
(258, 154, 'Dr. Celestine Mertz', 5, 'Vero sit eligendi aliquam dicta. Aspernatur nisi necessitatibus sunt reiciendis maxime exercitationem nesciunt.', '2018-06-20 00:19:29', '2018-06-20 00:19:29', NULL, NULL),
(259, 48, 'Prof. Isai Roob II', 4, 'Quas blanditiis quibusdam quod mollitia soluta. Magnam asperiores cumque iure quia ut. Sed ratione quia eum numquam ipsum blanditiis et. Consequuntur inventore vel libero ea et itaque dolor. Itaque doloribus sapiente et odit et asperiores. Qui non et reiciendis facere vel.', '2018-06-20 00:19:29', '2018-06-20 00:19:29', NULL, NULL),
(260, 84, 'Florence Wisozk', 3, 'Laboriosam autem aut et magnam. Aliquam aliquam dolore assumenda corporis aut. Voluptatum ut fugit inventore laborum ut sunt molestias. Est distinctio aut aspernatur accusamus. Consequuntur dolorem quo eos quia.', '2018-06-20 00:19:29', '2018-06-20 00:19:29', NULL, NULL),
(261, 67, 'Julie Farrell', 2, 'In aspernatur quidem facilis et voluptates fuga excepturi. Architecto cupiditate ea maxime sint aperiam optio tempora nostrum. Distinctio alias est est non aut sint. Sunt harum maiores incidunt ea id enim.', '2018-06-20 00:19:29', '2018-06-20 00:19:29', NULL, NULL),
(262, 63, 'Garnet Marvin PhD', 5, 'Facilis eos aut ea pariatur sunt harum. Ut et occaecati velit officia eligendi.', '2018-06-20 00:19:29', '2018-06-20 00:19:29', NULL, NULL),
(263, 133, 'Garfield Kuphal', 4, 'Aliquam quo et natus aut. Vitae repellat nemo incidunt. Sapiente aliquam molestias est ut voluptatem qui.', '2018-06-20 00:19:29', '2018-06-20 00:19:29', NULL, NULL),
(264, 105, 'Prof. Lyric Smitham', 2, 'Aspernatur qui molestiae eveniet. Quibusdam et culpa dolores autem. Eos nisi molestiae beatae dolor et. Ut et alias veritatis voluptas quaerat adipisci sit. Nulla et sed et ut aut.', '2018-06-20 00:19:29', '2018-06-20 00:19:29', NULL, NULL),
(265, 142, 'Abagail Lind', 5, 'Aut rerum quas maxime et suscipit nostrum. Eos dolorum ut iste repellendus asperiores ullam. Suscipit animi deleniti nesciunt et velit similique consequuntur sunt.', '2018-06-20 00:19:29', '2018-06-20 00:19:29', NULL, NULL),
(266, 177, 'Mohammad Quitzon MD', 3, 'Iste totam sint ea ex a non facilis. Cum voluptatibus dolore consequuntur vero. Fugiat doloribus labore suscipit earum accusantium delectus. Consequuntur saepe pariatur iste optio minima modi laborum vero. Voluptas voluptas sed dolor autem aliquid suscipit. Ex suscipit molestias provident quas magni error fuga laboriosam. Eum non laboriosam aliquid ullam soluta.', '2018-06-20 00:19:29', '2018-06-20 00:19:29', NULL, NULL),
(267, 50, 'Mr. Bernardo Rohan III', 1, 'Debitis quod ducimus aut ea eligendi similique. Molestias dolor quae eligendi nam. Debitis quasi facere rerum quo ratione dolorem.', '2018-06-20 00:19:29', '2018-06-20 00:19:29', NULL, NULL),
(268, 138, 'Webster Littel', 2, 'Porro tenetur asperiores similique. Unde et perspiciatis sit ducimus est sit commodi delectus.', '2018-06-20 00:19:30', '2018-06-20 00:19:30', NULL, NULL),
(269, 35, 'Sherman Steuber', 0, 'Odio quisquam eos iusto. Dolorum et quam sit velit. Sed aut eveniet velit nulla ea. Consequatur sequi quis voluptatibus esse harum. Doloribus quidem culpa qui quia. Nobis aliquam quia non nemo porro exercitationem.', '2018-06-20 00:19:30', '2018-06-20 00:19:30', NULL, NULL),
(270, 45, 'Mr. Camryn Blick MD', 0, 'Architecto possimus quam dignissimos praesentium molestias accusamus. Odio unde vel ea eum consequatur quia facilis. Rerum atque pariatur sunt neque incidunt dignissimos dolorem itaque. Laborum reprehenderit sunt qui consectetur.', '2018-06-20 00:19:30', '2018-06-20 00:19:30', NULL, NULL),
(271, 163, 'Danika Luettgen', 4, 'Odio reprehenderit sunt magnam quasi fuga.', '2018-06-20 00:19:30', '2018-06-20 00:19:30', NULL, NULL),
(272, 156, 'Tavares Bogisich', 2, 'Dolorem laborum est est. Atque tempore vitae corporis quaerat asperiores.', '2018-06-20 00:19:30', '2018-06-20 00:19:30', NULL, NULL),
(273, 200, 'Mr. Ransom Schmitt', 5, 'Incidunt officia officiis qui voluptas omnis quos. Atque quo ut hic natus nostrum quae. Cum adipisci dolorem itaque dolorem repellendus.', '2018-06-20 00:19:30', '2018-06-20 00:19:30', NULL, NULL),
(274, 47, 'Mr. Nikolas Kilback IV', 1, 'Sed aut doloribus dolor animi rerum similique saepe. A tempora rerum et repudiandae quidem sit aspernatur voluptatem. Et asperiores omnis atque aut velit id sed.', '2018-06-20 00:19:30', '2018-06-20 00:19:30', NULL, NULL),
(275, 85, 'Glenda Steuber', 4, 'Rerum id quae unde accusantium. Ea et fuga eius amet. Non recusandae laudantium doloremque aspernatur.', '2018-06-20 00:19:30', '2018-06-20 00:19:30', NULL, NULL),
(276, 67, 'Quinton Mills', 3, 'Nam similique sit nihil. Iste qui quod culpa qui nihil sint. Voluptas nam ab numquam ab. Aperiam voluptatem ex provident commodi velit explicabo ex. Fugit rerum enim nihil aut rem laborum. Iure quidem officiis laborum error non non veritatis.', '2018-06-20 00:19:30', '2018-06-20 00:19:30', NULL, NULL),
(277, 99, 'Jazmyn Willms', 0, 'Dolores rerum architecto nobis magni earum libero earum. Sit corporis ad quibusdam asperiores nisi consequatur.', '2018-06-20 00:19:30', '2018-06-20 00:19:30', NULL, NULL),
(278, 87, 'Francisca Konopelski MD', 0, 'Blanditiis mollitia accusantium perferendis. Id ullam placeat repellendus soluta. Perferendis aspernatur dolorem enim quibusdam cum.', '2018-06-20 00:19:30', '2018-06-20 00:19:30', NULL, NULL),
(279, 168, 'Ms. Kasey Kiehn DDS', 4, 'Sed iste ut minima. Doloribus eius perspiciatis adipisci vel cumque et. Voluptas magni autem rerum rerum fugiat.', '2018-06-20 00:19:30', '2018-06-20 00:19:30', NULL, NULL),
(280, 95, 'Mr. Gene Schmitt', 3, 'Velit aspernatur et quae. Autem assumenda accusantium maiores omnis voluptatem mollitia quod provident. Omnis et odit nostrum dolorum esse at nostrum. Aut quam doloremque corrupti at error repellendus nostrum doloremque.', '2018-06-20 00:19:30', '2018-06-20 00:19:30', NULL, NULL),
(281, 143, 'Hope Wintheiser DDS', 1, 'Exercitationem officiis ea quo incidunt. Vel consequatur inventore ratione dolores. Qui dolore vel sit. Magnam eius commodi ipsa impedit ut occaecati.', '2018-06-20 00:19:30', '2018-06-20 00:19:30', NULL, NULL),
(282, 93, 'Sid Hills', 1, 'A vel odio illum quia omnis. Tempore sint quod libero porro. Culpa sed voluptas et illum. Qui ex voluptatibus nemo officiis nam illum.', '2018-06-20 00:19:30', '2018-06-20 00:19:30', NULL, NULL),
(283, 35, 'Dr. Ludie Becker DVM', 4, 'Provident commodi occaecati odio perspiciatis. Est quia sit autem nihil. Ipsum ut debitis quia fugit veniam enim nostrum. Esse nemo perferendis qui illo qui commodi. Et odio veritatis nemo quod sapiente.', '2018-06-20 00:19:30', '2018-06-20 00:19:30', NULL, NULL),
(284, 38, 'Eugenia Pfannerstill', 5, 'Ut omnis ut reprehenderit nihil voluptatem qui ullam. Consequuntur at perspiciatis fuga consequatur. Ipsum architecto delectus ab id est reprehenderit. Velit iste laborum recusandae in atque.', '2018-06-20 00:19:30', '2018-06-20 00:19:30', NULL, NULL),
(285, 78, 'Miss Jacynthe Kuhic', 1, 'Sed adipisci consequatur distinctio sint voluptas sit molestiae. Sunt et velit quas occaecati ut veritatis maxime. Occaecati vel vel libero expedita quaerat quo. Ducimus modi in ducimus rerum. Laborum sit architecto asperiores quod omnis.', '2018-06-20 00:19:30', '2018-06-20 00:19:30', NULL, NULL),
(286, 63, 'Abner Kub', 1, 'Inventore delectus aliquam quia minima. Itaque dolorum itaque nesciunt fugiat voluptatem et rerum. Blanditiis voluptates totam beatae ut cumque.', '2018-06-20 00:19:31', '2018-06-20 00:19:31', NULL, NULL),
(287, 51, 'Layla Heathcote', 5, 'Consequatur recusandae et ullam quas accusamus nostrum eligendi. Animi in et assumenda beatae ad consectetur. Blanditiis ipsam eos quia iusto est. Ipsam et velit ut repellat sed corrupti.', '2018-06-20 00:19:31', '2018-06-20 00:19:31', NULL, NULL),
(288, 198, 'Orion Veum', 3, 'Porro quisquam eveniet consequuntur. Rerum repellat sed vero ex laboriosam iure. Illo modi voluptatem sint. Quos quasi tempore ipsa beatae consequatur. Expedita ullam beatae expedita alias. Aut voluptate minus consectetur tempore quia ea quia rerum.', '2018-06-20 00:19:31', '2018-06-20 00:19:31', NULL, NULL),
(289, 184, 'Antone Hane', 2, 'Atque illum voluptatem dignissimos nobis corporis sint quae. Similique quo dignissimos vitae sed nam quo suscipit. Consequatur delectus numquam qui velit dolorem sit ut velit. Cupiditate amet deleniti quia in impedit. Nulla tempore ut nulla velit quam enim. Ut sed nihil tenetur dolorem.', '2018-06-20 00:19:31', '2018-06-20 00:19:31', NULL, NULL),
(290, 155, 'Felicita Monahan', 2, 'Placeat occaecati voluptas corporis. Quae voluptatem aut odio. Odio asperiores corrupti nihil corporis hic.', '2018-06-20 00:19:31', '2018-06-20 00:19:31', NULL, NULL),
(291, 96, 'Mohammed Yundt', 0, 'Aliquid minus sed modi libero dolorum cum. Saepe est sed omnis odio voluptas ullam et. Rerum consequuntur est doloremque iusto harum cumque omnis placeat. Dicta quibusdam dolor voluptatibus provident qui qui adipisci sed. Dolores sunt qui soluta sit magni.', '2018-06-20 00:19:31', '2018-06-20 00:19:31', NULL, NULL),
(292, 25, 'Eda O\'Kon', 5, 'Ut quidem explicabo qui enim et dolor aut. Fuga nobis accusantium aut earum tempore repellat.', '2018-06-20 00:19:31', '2018-06-20 00:19:31', NULL, NULL),
(293, 62, 'Cassandre Leuschke PhD', 1, 'Sed ducimus est mollitia laboriosam magnam. Dolores dolorem adipisci laudantium.', '2018-06-20 00:19:31', '2018-06-20 00:19:31', NULL, NULL),
(294, 27, 'Torrance Monahan', 0, 'Aut et qui est beatae. Occaecati quae totam ducimus est dolore. Consequatur praesentium aut ut nostrum aperiam doloribus. Et nihil blanditiis quo aut fuga rem.', '2018-06-20 00:19:31', '2018-06-20 00:19:31', NULL, NULL),
(295, 4, 'Marlon Wolff', 3, 'Ex dolores delectus est iusto molestiae beatae. Omnis autem atque accusamus illum laudantium. Hic iusto nisi impedit dolores vel non. Ut natus incidunt quam esse pariatur. Dolorem fugiat vel consequatur quia eum ratione.', '2018-06-20 00:19:31', '2018-06-20 00:19:31', NULL, NULL),
(296, 71, 'Freda Bernier', 5, 'Tempore tenetur autem neque sit. Veritatis et voluptatibus provident magnam quia error esse quia.', '2018-06-20 00:19:31', '2018-06-20 00:19:31', NULL, NULL),
(297, 173, 'Mr. Cicero Dickens V', 2, 'Recusandae explicabo numquam perspiciatis nostrum fugit aliquid eos.', '2018-06-20 00:19:32', '2018-06-20 00:19:32', NULL, NULL),
(298, 66, 'Lane Deckow', 1, 'Laboriosam nihil aut aut vero deleniti nihil vel. Recusandae in dignissimos recusandae nobis et. Nisi qui illum architecto sed quis voluptas veniam dolor.', '2018-06-20 00:19:32', '2018-06-20 00:19:32', NULL, NULL),
(299, 116, 'Miss Lilliana Kovacek Jr.', 4, 'Repellat et itaque rem. Facere sit est vero vel velit. Autem sunt unde quo non. Quia quidem omnis dolor excepturi corporis sint adipisci debitis. Harum quia et tempora omnis. Ducimus id aliquam praesentium culpa laboriosam tenetur commodi.', '2018-06-20 00:19:32', '2018-06-20 00:19:32', NULL, NULL),
(300, 39, 'Jaren Hayes', 2, 'Doloremque inventore asperiores et et voluptatibus nihil.', '2018-06-20 00:19:32', '2018-06-20 00:19:32', NULL, NULL),
(301, 137, 'Velma Heidenreich', 1, 'Non ea ex voluptas sit ad sed. Perferendis quia sequi distinctio et. Ut dolores nobis ut consequatur eligendi aut saepe.', '2018-06-20 00:19:32', '2018-06-20 00:19:32', NULL, NULL),
(302, 189, 'Tomas Swift IV', 4, 'Ipsa libero quia nihil quos. Dolorem neque dolorum distinctio non.', '2018-06-20 00:19:32', '2018-06-20 00:19:32', NULL, NULL),
(303, 193, 'Heaven Lueilwitz', 2, 'Similique eius ducimus temporibus corrupti est odit consequatur itaque. Dolorem sapiente doloribus qui officiis nostrum sunt. Repellendus dolor ab animi alias voluptates eveniet amet ex.', '2018-06-20 00:19:32', '2018-06-20 00:19:32', NULL, NULL),
(304, 193, 'Gabriella Gerlach', 5, 'Quia eligendi incidunt omnis. Et expedita error enim aut. Itaque omnis velit reprehenderit corrupti velit in.', '2018-06-20 00:19:32', '2018-06-20 00:19:32', NULL, NULL),
(305, 93, 'Benton Gislason', 5, 'Aut consequatur repellat cupiditate sed quaerat. Ipsam necessitatibus alias quia est corporis ipsa explicabo. Dolorem nam eum facere qui dignissimos ut. Eius et sequi possimus aut. Ut ut at quo quos nam quia ut. Necessitatibus voluptatem nam maxime ut. Inventore error atque non tempora.', '2018-06-20 00:19:32', '2018-06-20 00:19:32', NULL, NULL),
(306, 123, 'Camilla Kulas', 3, 'A aliquid dolorum sint delectus qui. At voluptatem aliquid occaecati similique illo autem accusamus magnam. Ipsam minus est vel sequi maiores quos. Cum exercitationem adipisci voluptatem a consequuntur consequatur nam.', '2018-06-20 00:19:33', '2018-06-20 00:19:33', NULL, NULL),
(307, 52, 'Ken White', 1, 'Dolorum aut magni adipisci ullam et minima nam. Molestiae nobis maiores enim. Ab minus voluptates beatae.', '2018-06-20 00:19:33', '2018-06-20 00:19:33', NULL, NULL),
(308, 187, 'Mr. Israel Blick', 5, 'Perspiciatis qui voluptatem et rerum. Atque est saepe magni nihil iusto. Illum architecto earum nostrum ea enim eligendi. Consequuntur sunt error ex aut non ea debitis.', '2018-06-20 00:19:33', '2018-06-20 00:19:33', NULL, NULL),
(309, 146, 'Susie Franecki', 3, 'Dolores quis delectus molestias voluptatem veritatis quae. Dolores sit voluptatem ullam similique modi beatae.', '2018-06-20 00:19:33', '2018-06-20 00:19:33', NULL, NULL),
(310, 29, 'Eleanore McKenzie', 0, 'Voluptates voluptates nam molestias officia dignissimos necessitatibus ad. Ducimus laboriosam itaque voluptatem quo.', '2018-06-20 00:19:33', '2018-06-20 00:19:33', NULL, NULL),
(311, 144, 'Ramiro West', 3, 'Nihil fuga perspiciatis et placeat praesentium rem cupiditate in. Repudiandae ut repellendus culpa in vel. Tempora voluptas perferendis ex. Facere quam consequuntur qui facilis.', '2018-06-20 00:19:33', '2018-06-20 00:19:33', NULL, NULL),
(312, 186, 'Delilah Wisoky', 1, 'Voluptas pariatur autem qui illum. Qui enim consequatur sit. Modi maiores aut tempore reprehenderit temporibus dicta quibusdam. Dolor est minus illum et et.', '2018-06-20 00:19:33', '2018-06-20 00:19:33', NULL, NULL),
(313, 98, 'Zachariah Wilderman', 2, 'Illum autem magnam voluptas aperiam eos. Corrupti ad necessitatibus consequatur enim explicabo. Occaecati consequatur consectetur non totam vel veritatis. Et omnis earum nisi aperiam nisi iure sit. Impedit expedita ratione repellat porro doloribus accusamus delectus. Qui omnis earum tempore accusamus quo. Est nam dignissimos officiis asperiores rerum.', '2018-06-20 00:19:33', '2018-06-20 00:19:33', NULL, NULL),
(314, 105, 'Jevon Yundt', 4, 'Aut consectetur amet et impedit numquam eius. Ipsam amet cupiditate est earum aliquam harum provident ad. Similique quae ipsum enim ea.', '2018-06-20 00:19:33', '2018-06-20 00:19:33', NULL, NULL),
(315, 33, 'Miss Earlene Goldner IV', 0, 'Et officiis perferendis et labore beatae maiores commodi. Est sequi enim rerum consequuntur deleniti deserunt. Impedit delectus dolores ipsam atque. Quos fugiat accusantium a corrupti inventore enim neque. Quod provident eum adipisci et. Dolor facere harum odio.', '2018-06-20 00:19:33', '2018-06-20 00:19:33', NULL, NULL),
(316, 106, 'Earnestine Bayer', 1, 'Numquam ut ut consequatur maiores voluptas voluptate aliquid. Dolorem est laboriosam minus corporis doloremque aut.', '2018-06-20 00:19:33', '2018-06-20 00:19:33', NULL, NULL),
(317, 184, 'Lauren Runolfsdottir', 2, 'Nesciunt omnis et consequatur id quidem.', '2018-06-20 00:19:33', '2018-06-20 00:19:33', NULL, NULL),
(318, 140, 'Nathaniel Mante', 0, 'Dolorum molestias aut laudantium nam perferendis. Voluptatem fugit dolores sit molestias sunt. Et et provident voluptates excepturi. Esse distinctio aliquid aliquam cumque rerum omnis et. Tempora molestiae sapiente adipisci omnis quaerat et excepturi nobis. Odit in cum alias aut et.', '2018-06-20 00:19:33', '2018-06-20 00:19:33', NULL, NULL),
(319, 127, 'Prof. Elvis Hilpert DVM', 0, 'Officia id consequatur ipsum ut distinctio atque. Explicabo nobis non non omnis quia.', '2018-06-20 00:19:33', '2018-06-20 00:19:33', NULL, NULL),
(320, 100, 'Grover Oberbrunner', 0, 'Similique ad sint quo non quo. Velit fuga ut reprehenderit laborum odio et sit. Temporibus voluptate nulla cum velit voluptates voluptatem dolores.', '2018-06-20 00:19:34', '2018-06-20 00:19:34', NULL, NULL),
(321, 57, 'Prof. Coty Gerlach Jr.', 3, 'Dolorem dolore laudantium fugiat atque. Dolor vero et doloremque sit. Illo aut eveniet dolor id omnis rerum. Eius eius accusantium atque doloremque labore.', '2018-06-20 00:19:34', '2018-06-20 00:19:34', NULL, NULL),
(322, 121, 'Ms. Maymie Ratke DVM', 5, 'Voluptas et omnis placeat et voluptas. Ipsa quae quibusdam ut delectus architecto. Quam adipisci sed sapiente sed incidunt nobis qui. Sed quas fuga qui qui ut. Incidunt consequuntur quibusdam rerum voluptates.', '2018-06-20 00:19:34', '2018-06-20 00:19:34', NULL, NULL),
(323, 176, 'Antonia Spencer', 5, 'Necessitatibus et eius vero quia ratione. Aut magnam vero architecto veritatis eos facilis. Voluptatem sint mollitia illum id rerum similique et. Eos voluptatem ad nihil numquam rerum. Ex in ipsum molestiae dolor. Sed cupiditate laboriosam eos rem at et.', '2018-06-20 00:19:34', '2018-06-20 00:19:34', NULL, NULL),
(324, 151, 'Josiane Wiza', 2, 'Ratione aperiam odio inventore et molestias omnis asperiores. Et repellat et tenetur dicta nobis incidunt et. Libero sint omnis ad perferendis officiis pariatur rerum. Tempore cum est quia praesentium. Perferendis ut voluptatibus itaque aliquam perspiciatis.', '2018-06-20 00:19:34', '2018-06-20 00:19:34', NULL, NULL),
(325, 139, 'Carli Turcotte', 4, 'Doloribus et perspiciatis dicta eum in. Voluptas libero minus incidunt natus corrupti enim.', '2018-06-20 00:19:34', '2018-06-20 00:19:34', NULL, NULL),
(326, 171, 'Zena Rohan', 5, 'Eius atque ad ut quos sunt. Quibusdam aut itaque ipsum maiores eligendi et qui.', '2018-06-20 00:19:34', '2018-06-20 00:19:34', NULL, NULL),
(327, 33, 'Mrs. Libby Klocko', 1, 'Veritatis nulla delectus eos. Sed voluptates error doloribus culpa aut. Quia alias consequuntur tempora assumenda cumque quo corporis nemo. Aut sapiente dolorum itaque aliquid sed non.', '2018-06-20 00:19:34', '2018-06-20 00:19:34', NULL, NULL),
(328, 86, 'Dr. Darian Steuber Jr.', 0, 'Dolorum dolore possimus provident numquam harum. Voluptatum cum placeat illo sint sequi non quas molestias.', '2018-06-20 00:19:34', '2018-06-20 00:19:34', NULL, NULL),
(329, 4, 'Sadie Von', 5, 'Assumenda asperiores animi tempore aut perspiciatis.', '2018-06-20 00:19:34', '2018-06-20 00:19:34', NULL, NULL),
(330, 72, 'Ferne Nader', 1, 'Quam id sint error aut. Repellat dolor quod sit.', '2018-06-20 00:19:34', '2018-06-20 00:19:34', NULL, NULL),
(331, 45, 'Ariane Pfeffer', 1, 'Possimus ut ut ut omnis. A vitae optio perspiciatis consequatur voluptas nemo. Veniam cupiditate laudantium sit occaecati dolores repellendus aut. Quia dignissimos qui dolorem ut.', '2018-06-20 00:19:34', '2018-06-20 00:19:34', NULL, NULL),
(332, 19, 'Helen Kuhn', 2, 'Similique ipsam tempore totam reprehenderit odio. Ratione temporibus eveniet dicta quasi ut. Et officiis reiciendis error repellat.', '2018-06-20 00:19:34', '2018-06-20 00:19:34', NULL, NULL),
(333, 101, 'Gayle Kiehn', 1, 'Molestiae harum iure reprehenderit veritatis ratione nesciunt quo est. Laboriosam non voluptatem veritatis adipisci quia enim provident. Sint sint expedita dolor voluptas aut molestias eligendi dignissimos.', '2018-06-20 00:19:34', '2018-06-20 00:19:34', NULL, NULL),
(334, 129, 'Brendan Kohler III', 0, 'Delectus dolorum suscipit quasi quae. Sit sunt molestiae repudiandae sed ab magni voluptates. Voluptas dolores aut porro nobis non dolores expedita.', '2018-06-20 00:19:34', '2018-06-20 00:19:34', NULL, NULL),
(335, 78, 'Stanley Jones', 4, 'Ipsum sit beatae quia qui quis id molestiae. Et nisi sapiente repellat est dolores architecto odit. Deserunt ratione hic rem totam temporibus porro.', '2018-06-20 00:19:35', '2018-06-20 00:19:35', NULL, NULL),
(336, 150, 'Barrett Mayer', 1, 'Distinctio nam autem totam quos ut. Debitis unde voluptatem quibusdam nobis sunt consequatur molestias est. Facere qui ipsum rerum quidem ex minus laborum. Architecto nam repudiandae sit earum iusto. Quo numquam velit quod ea optio maxime aut sint.', '2018-06-20 00:19:35', '2018-06-20 00:19:35', NULL, NULL),
(337, 142, 'Kaleigh Bechtelar', 2, 'Est est culpa quam ut et cum. Corrupti doloribus eveniet rerum nobis porro reprehenderit aspernatur. Nostrum autem id voluptas provident id. Blanditiis dolor quos dolorum vel nobis dicta iste.', '2018-06-20 00:19:35', '2018-06-20 00:19:35', NULL, NULL),
(338, 52, 'Mr. Kiley Homenick', 5, 'Voluptas alias rerum voluptas minus. Architecto similique commodi eaque est.', '2018-06-20 00:19:35', '2018-06-20 00:19:35', NULL, NULL),
(339, 69, 'Mr. Brad Wiza', 0, 'Corporis atque quia nihil et dicta beatae. Id ut omnis ut. Non exercitationem repudiandae molestiae blanditiis.', '2018-06-20 00:19:35', '2018-06-20 00:19:35', NULL, NULL),
(340, 80, 'Miss Dorris Kub IV', 1, 'Earum saepe quo ipsa dolor dolores nihil dolorem. Qui sit placeat inventore eius.', '2018-06-20 00:19:35', '2018-06-20 00:19:35', NULL, NULL),
(341, 50, 'Sebastian Mertz', 1, 'Eum ut consequatur explicabo animi. Et dolorum nam dicta at. Dolore consequatur reprehenderit ut unde. Dolorem eius consequuntur itaque cumque aut. Quisquam culpa ratione enim et modi quidem nemo.', '2018-06-20 00:19:35', '2018-06-20 00:19:35', NULL, NULL),
(342, 13, 'Brycen Cruickshank', 5, 'Omnis dolorum consequatur libero sed. Et deleniti iure atque magnam vel incidunt dolorum. Alias sequi sit voluptatem asperiores tempore quod dolore autem.', '2018-06-20 00:19:36', '2018-06-20 00:19:36', NULL, NULL),
(343, 40, 'Mrs. Alivia Aufderhar', 2, 'Qui voluptatem aliquam iste voluptate fugiat magni. Rerum qui mollitia ratione dolorem fuga. Ipsum soluta voluptate aliquam sunt dolorem itaque. Voluptatem cupiditate quasi provident quo aperiam odio. Fugiat quibusdam placeat iusto magni consequatur. Aliquid saepe aut exercitationem et blanditiis dicta sequi.', '2018-06-20 00:19:36', '2018-06-20 00:19:36', NULL, NULL),
(344, 171, 'Sabina Feeney Jr.', 3, 'Minima illo vero aperiam nesciunt. Assumenda rerum aspernatur eaque non autem facilis libero.', '2018-06-20 00:19:36', '2018-06-20 00:19:36', NULL, NULL),
(345, 71, 'Miss Heather Cummings III', 5, 'Sunt quasi eius sunt nemo veniam quo est. Quis rem omnis assumenda tempora et. Molestiae voluptates consectetur error vero autem. Sit omnis facere vel cum soluta. Non laborum aut facere atque veniam. Consequatur voluptatem fugit laudantium. Reiciendis et voluptas error sunt officia nostrum.', '2018-06-20 00:19:36', '2018-06-20 00:19:36', NULL, NULL),
(346, 124, 'River Rempel', 4, 'Sunt tempora optio reprehenderit et.', '2018-06-20 00:19:36', '2018-06-20 00:19:36', NULL, NULL),
(347, 48, 'Anthony Brakus', 2, 'Voluptatem iusto quas quisquam doloremque nihil dolorum. Aut quidem explicabo et veritatis exercitationem. Dolores laudantium quisquam nesciunt illum.', '2018-06-20 00:19:36', '2018-06-20 00:19:36', NULL, NULL),
(348, 2, 'Amani Mayert DDS', 4, 'Enim aut porro error. Illo placeat et repellendus. Omnis aut maiores numquam.', '2018-06-20 00:19:36', '2018-06-20 00:19:36', NULL, NULL),
(349, 71, 'Mertie Keeling', 3, 'Et dicta fugiat ut. Ut quia ut hic unde qui earum.', '2018-06-20 00:19:36', '2018-06-20 00:19:36', NULL, NULL),
(350, 47, 'Fabian Kertzmann', 5, 'Qui maiores aut consequatur voluptas excepturi facilis nihil. Tempore excepturi in inventore harum. Unde dolore eligendi enim qui laboriosam. Voluptatum eaque explicabo voluptas nam dolores atque. Sed sed voluptatem fuga ipsum ut rerum. Id optio ut similique reiciendis cupiditate sunt sint. Aliquid modi quia asperiores eveniet assumenda numquam.', '2018-06-20 00:19:36', '2018-06-20 00:19:36', NULL, NULL),
(351, 71, 'Prof. Eli Witting PhD', 2, 'Optio voluptatem enim dolorem quo ut ut quis. Aut ipsam perferendis dicta quas sed consectetur eum hic.', '2018-06-20 00:19:36', '2018-06-20 00:19:36', NULL, NULL),
(352, 88, 'Bryana Wuckert', 0, 'Quibusdam perspiciatis praesentium nulla officia. Perspiciatis quibusdam recusandae reprehenderit occaecati veritatis. In porro quia consequuntur exercitationem sit cum.', '2018-06-20 00:19:36', '2018-06-20 00:19:36', NULL, NULL),
(353, 158, 'Armando Kautzer', 5, 'Molestias occaecati fugit sit id voluptatem. Eaque impedit sed laborum quia omnis mollitia. Veniam sed cupiditate ducimus corporis at. Minus sunt facilis laborum inventore enim cumque. Corporis magnam illum enim aut deserunt perferendis.', '2018-06-20 00:19:36', '2018-06-20 00:19:36', NULL, NULL),
(354, 34, 'Junius Conn', 0, 'Est modi eaque qui rerum velit qui commodi non. Asperiores voluptates et aliquam omnis nisi. Placeat labore voluptatibus soluta beatae.', '2018-06-20 00:19:37', '2018-06-20 00:19:37', NULL, NULL),
(355, 98, 'Marielle Johns', 4, 'Omnis eos vel maiores exercitationem vero ut. Optio expedita veritatis sunt quia et earum. Iure voluptas molestias perferendis vero.', '2018-06-20 00:19:37', '2018-06-20 00:19:37', NULL, NULL),
(356, 50, 'Marisol Tillman', 0, 'Pariatur nulla totam ab sunt consectetur. Dolore corrupti ipsa est sint consequatur totam.', '2018-06-20 00:19:37', '2018-06-20 00:19:37', NULL, NULL),
(357, 35, 'Prof. Tressie Schinner', 1, 'Magni praesentium ea delectus nostrum. Praesentium minus voluptas iusto fuga.', '2018-06-20 00:19:37', '2018-06-20 00:19:37', NULL, NULL),
(358, 57, 'Mr. Moses Emmerich MD', 1, 'Expedita dolor necessitatibus est earum atque. Aliquid cum voluptate consequatur facere cupiditate dolores laborum.', '2018-06-20 00:19:37', '2018-06-20 00:19:37', NULL, NULL),
(359, 37, 'Jameson Schmidt', 0, 'Eos minima ex error earum. Quisquam soluta consequuntur dolorem sed facere architecto doloremque omnis. Nostrum odit et incidunt adipisci at enim.', '2018-06-20 00:19:37', '2018-06-20 00:19:37', NULL, NULL),
(360, 133, 'Waldo Abernathy', 0, 'Dolor necessitatibus perferendis debitis ut. Modi ut nulla provident aut. Illum quaerat labore minima totam. Optio facilis aut nisi dolor. Consequatur quia sit repudiandae ut officia perspiciatis ipsam. Et consequuntur delectus cumque eius aliquid veritatis est.', '2018-06-20 00:19:37', '2018-06-20 00:19:37', NULL, NULL),
(361, 129, 'Mr. Enos Schoen MD', 4, 'Aut velit tenetur in ratione quibusdam eaque repellendus. Voluptas vel velit aperiam molestiae maxime. Facere pariatur nulla qui. Qui ut sunt et at fuga. In cumque quisquam nemo totam cupiditate rem aut.', '2018-06-20 00:19:37', '2018-06-20 00:19:37', NULL, NULL),
(362, 200, 'Prof. Alexandra Weimann MD', 1, 'Placeat ut nam illo dolor cumque impedit repellendus.', '2018-06-20 00:19:37', '2018-06-20 00:19:37', NULL, NULL),
(363, 84, 'Jensen Balistreri', 2, 'Est vel natus voluptas. Suscipit adipisci temporibus nesciunt sit rerum est. Id in eveniet architecto.', '2018-06-20 00:19:38', '2018-06-20 00:19:38', NULL, NULL),
(364, 144, 'Pearline Von', 0, 'Quia ea sit dolorem sint non. Dolor aut maiores eos non dicta aperiam. Voluptatem nemo quia assumenda voluptates quia excepturi assumenda. Error sit incidunt quia incidunt nobis voluptas ut. Ullam possimus aspernatur rem vitae.', '2018-06-20 00:19:38', '2018-06-20 00:19:38', NULL, NULL),
(365, 155, 'Laura Gutmann III', 3, 'Quia consequatur nihil soluta iusto qui et aperiam. Et minus minima tenetur consequatur ut animi unde. Et dolor est ullam qui dolorem et. Aperiam quia et repudiandae. Cupiditate voluptas id et quam voluptatum excepturi.', '2018-06-20 00:19:38', '2018-06-20 00:19:38', NULL, NULL),
(366, 68, 'Zora Reichel', 1, 'Doloremque blanditiis adipisci ut voluptatum tempora. Deleniti et ut ea deserunt assumenda est id debitis. Et alias voluptatibus labore vel quis repudiandae. Provident neque facilis molestiae quasi consequatur nobis. Omnis sit qui voluptas unde magni soluta totam sed.', '2018-06-20 00:19:38', '2018-06-20 00:19:38', NULL, NULL),
(367, 15, 'Prof. Dave Metz', 5, 'A est odit voluptate et. Tempora voluptas voluptas sit magni molestias dolores consequuntur suscipit.', '2018-06-20 00:19:38', '2018-06-20 00:19:38', NULL, NULL),
(368, 155, 'Lauren Hoppe Sr.', 3, 'Doloribus voluptatem et sed dolor. Cumque nam voluptatem consequatur voluptas aut fuga tempore.', '2018-06-20 00:19:38', '2018-06-20 00:19:38', NULL, NULL),
(369, 172, 'Anissa Hackett', 1, 'Possimus id quia incidunt esse fuga. Ad nisi omnis et ipsam non odit rerum. Veritatis repudiandae nam non aperiam beatae. Nihil iusto velit dignissimos atque error quasi rem.', '2018-06-20 00:19:38', '2018-06-20 00:19:38', NULL, NULL),
(370, 21, 'Simeon Beahan', 0, 'Molestiae qui quo ipsum deleniti consequuntur enim ullam at. Odit recusandae eum eos et omnis neque eos. Sunt ipsum totam et.', '2018-06-20 00:19:38', '2018-06-20 00:19:38', NULL, NULL),
(371, 174, 'Anika Aufderhar', 3, 'Voluptates quis aperiam et omnis optio omnis voluptates mollitia. Vel repudiandae et illum expedita harum.', '2018-06-20 00:19:39', '2018-06-20 00:19:39', NULL, NULL),
(372, 20, 'Eldred Zboncak', 0, 'Hic dicta ut harum. Iste vel repudiandae esse voluptatum temporibus velit.', '2018-06-20 00:19:39', '2018-06-20 00:19:39', NULL, NULL),
(373, 83, 'Mina Ondricka', 4, 'Ad possimus et enim beatae laborum qui. Molestiae dicta et ut ut autem similique et porro. Consequuntur ut architecto non veniam.', '2018-06-20 00:19:39', '2018-06-20 00:19:39', NULL, NULL),
(374, 150, 'Rogers Moore', 1, 'Quis sit voluptas ea error quia voluptas illum.', '2018-06-20 00:19:39', '2018-06-20 00:19:39', NULL, NULL),
(375, 134, 'Dr. Verda McDermott DDS', 4, 'Amet assumenda laborum aut quisquam vel labore nam. Sint qui voluptate perspiciatis doloremque odio quam est.', '2018-06-20 00:19:39', '2018-06-20 00:19:39', NULL, NULL),
(376, 109, 'Dr. Winona Klein PhD', 2, 'Inventore rem sapiente dicta omnis dolor. Aut dolor atque ut esse et veniam vel. Est qui alias nisi dicta doloribus quidem. Facilis rerum tenetur vero mollitia. Aut voluptatum non autem dicta fugiat consequatur. Iusto modi ipsum error.', '2018-06-20 00:19:39', '2018-06-20 00:19:39', NULL, NULL),
(377, 9, 'Prof. Keeley Schmitt III', 4, 'Est soluta voluptates dolores occaecati. Illum nam quasi repellendus rerum esse.', '2018-06-20 00:19:39', '2018-06-20 00:19:39', NULL, NULL),
(378, 169, 'Conrad Howe', 0, 'Dolorum labore provident voluptatem dicta aut. Autem qui qui et optio perspiciatis placeat. Et aut natus omnis soluta aliquid quibusdam et. Dolorem sint sed excepturi praesentium fugit exercitationem quasi.', '2018-06-20 00:19:39', '2018-06-20 00:19:39', NULL, NULL),
(379, 12, 'Fabian Herzog', 4, 'Necessitatibus est autem et voluptate pariatur et perferendis. Illum qui aperiam doloremque porro quos qui ut. Omnis aspernatur molestias ipsam culpa ut. Molestias ut amet ut nostrum. Praesentium dignissimos et eos fugiat quo est quo. Quidem accusamus aliquam est cum temporibus enim. Atque quaerat dolores sunt dicta et sed dolorem.', '2018-06-20 00:19:39', '2018-06-20 00:19:39', NULL, NULL),
(380, 158, 'Jovani Strosin', 0, 'Atque voluptate eos labore et libero est qui. Repudiandae sit voluptatem aut reprehenderit at. Illo ullam eos est quo. Laboriosam autem voluptatum in et et sequi voluptatem. Velit asperiores odio voluptas earum rerum.', '2018-06-20 00:19:39', '2018-06-20 00:19:39', NULL, NULL),
(381, 190, 'Dominique Stehr', 3, 'Odit a magni voluptates quia. Et praesentium voluptate autem sit explicabo.', '2018-06-20 00:19:39', '2018-06-20 00:19:39', NULL, NULL),
(382, 162, 'Miss Clare Morissette', 5, 'Et quos et incidunt unde explicabo dolores ex. Nisi non dolor quidem. Occaecati velit odio assumenda et eius voluptatem. Illum sed quibusdam dolor velit modi. Sed qui dignissimos autem cum fugiat quibusdam.', '2018-06-20 00:19:39', '2018-06-20 00:19:39', NULL, NULL),
(383, 149, 'Mr. Silas Borer', 4, 'Libero ipsum provident iste voluptatem aspernatur. Commodi enim sapiente ipsa omnis magni. Consequatur quos dolorem quam deleniti eaque.', '2018-06-20 00:19:39', '2018-06-20 00:19:39', NULL, NULL),
(384, 194, 'Ezekiel Feeney', 4, 'Aut eos quam quia ut. Vel similique labore iste sunt fuga nam optio eos. Fugiat laudantium ut rem hic unde adipisci.', '2018-06-20 00:19:39', '2018-06-20 00:19:39', NULL, NULL),
(385, 73, 'Monica Beer', 2, 'Ut magnam tempora natus id non tenetur expedita.', '2018-06-20 00:19:39', '2018-06-20 00:19:39', NULL, NULL),
(386, 128, 'Reuben Schinner III', 0, 'Ipsa harum qui cupiditate sunt ea. Eius omnis ipsam animi voluptatem non incidunt incidunt. Et magni qui voluptatibus quia ea. Itaque aut aliquid molestiae velit nesciunt sed. Id dolorem dignissimos fugit.', '2018-06-20 00:19:39', '2018-06-20 00:19:39', NULL, NULL),
(387, 14, 'Myrna Monahan', 2, 'Sed quo sit aut unde corrupti repudiandae minus vel. Necessitatibus eveniet ut eligendi consequuntur. Labore fugit corrupti ullam nam nam. Iste iusto voluptas occaecati ipsam quod. Quidem ut quasi qui et.', '2018-06-20 00:19:39', '2018-06-20 00:19:39', NULL, NULL),
(388, 196, 'Mr. Darwin Ondricka MD', 4, 'Quas dignissimos est corporis modi blanditiis perferendis perspiciatis sit. Mollitia qui consequuntur quam consequatur ipsam voluptatem ex doloribus. Modi est harum rerum iusto suscipit.', '2018-06-20 00:19:40', '2018-06-20 00:19:40', NULL, NULL),
(389, 118, 'Antonina Kuphal', 4, 'Ut est expedita eum recusandae. Corporis sit et quia placeat veritatis earum. Excepturi quis at consequatur eos quam. In qui culpa sed sunt nulla. Eos totam soluta quod reiciendis recusandae. Nihil et et ab repellendus.', '2018-06-20 00:19:40', '2018-06-20 00:19:40', NULL, NULL),
(390, 183, 'Trisha Hoppe Jr.', 4, 'Et minus et perspiciatis dolores eius. Consequatur repudiandae dignissimos sit vel. Deserunt impedit assumenda sit distinctio distinctio.', '2018-06-20 00:19:40', '2018-06-20 00:19:40', NULL, NULL),
(391, 48, 'Calista Murazik Sr.', 4, 'Ad fugit animi consequatur error adipisci cupiditate. Facilis velit omnis non et. Incidunt iusto unde dolores aspernatur harum at dolore distinctio.', '2018-06-20 00:19:40', '2018-06-20 00:19:40', NULL, NULL),
(392, 118, 'Thea Tremblay', 3, 'Sed qui iste ratione. Quam fugit expedita magni ut debitis qui.', '2018-06-20 00:19:40', '2018-06-20 00:19:40', NULL, NULL),
(393, 38, 'Patrick Rau', 4, 'Consequatur et et nisi quia eveniet odit. Sapiente quia impedit ex possimus. Voluptas sit consequatur quia quae sunt id eligendi facere. Aut ducimus atque placeat. Maiores laudantium voluptas aliquam dignissimos facere sit perferendis.', '2018-06-20 00:19:40', '2018-06-20 00:19:40', NULL, NULL),
(394, 86, 'Miss Birdie Smith', 1, 'Explicabo sed sunt rerum molestiae autem provident. Voluptatum a tempora laboriosam sit sint. Quasi quisquam aliquid beatae itaque quia temporibus eum.', '2018-06-20 00:19:40', '2018-06-20 00:19:40', NULL, NULL),
(395, 66, 'Dr. Gabriel Kautzer', 1, 'Omnis nesciunt veniam non dolore assumenda. Quod voluptatem aspernatur esse eum itaque.', '2018-06-20 00:19:40', '2018-06-20 00:19:40', NULL, NULL),
(396, 96, 'Arturo Corkery', 1, 'Optio molestiae est qui magni suscipit dolor pariatur. Quia dolorum fugiat omnis. Voluptates harum recusandae iste aspernatur ut consectetur mollitia. Esse assumenda odio aut vitae architecto dolorum et. Facere non perspiciatis ex perspiciatis adipisci et. Omnis esse consequatur voluptas dolores ut cupiditate perspiciatis. Nobis officiis vel atque ut cupiditate.', '2018-06-20 00:19:40', '2018-06-20 00:19:40', NULL, NULL),
(397, 72, 'Mr. Jessie Konopelski V', 1, 'Unde temporibus nulla autem voluptas rem dolorem. Aut aliquid minima tempora animi. Sunt consequatur in et et. Nihil delectus eos qui rerum. Labore ut veniam nihil nulla est. Nihil aspernatur dolores sed ut facere numquam esse. Sed sequi dolorem soluta consequatur qui consequatur.', '2018-06-20 00:19:40', '2018-06-20 00:19:40', NULL, NULL),
(398, 177, 'Brain Hammes', 1, 'Debitis praesentium earum quasi commodi. Atque qui similique omnis sunt laboriosam. Beatae non ipsam cum consequuntur sunt. Omnis quis quia quae qui amet velit voluptas.', '2018-06-20 00:19:40', '2018-06-20 00:19:40', NULL, NULL),
(399, 93, 'Wilburn Bartell', 5, 'At saepe ratione vero nemo iure dolorem laboriosam. Assumenda aut dolorum alias dolorem.', '2018-06-20 00:19:40', '2018-06-20 00:19:40', NULL, NULL),
(400, 102, 'Hudson Jast', 0, 'Porro minus illum voluptatem ut. Similique non tempore quam quasi similique. Corrupti eveniet et eaque deserunt et est quia. Sunt accusamus eos rerum aut consectetur temporibus. Dignissimos odio occaecati quas repellat.', '2018-06-20 00:19:40', '2018-06-20 00:19:40', NULL, NULL),
(401, 130, 'Dr. Erling Grant Sr.', 4, 'Et reprehenderit et non aut. Voluptate totam accusantium voluptatem alias.', '2018-06-20 00:19:40', '2018-06-20 00:19:40', NULL, NULL);
INSERT INTO `reviews` (`id`, `book_id`, `reviewer`, `star`, `description`, `created_at`, `updated_at`, `created_by`, `updated_by`) VALUES
(402, 95, 'Prof. Jimmie Kuvalis IV', 3, 'Dolores qui et sunt veritatis. Minima a dolorem et omnis.', '2018-06-20 00:19:41', '2018-06-20 00:19:41', NULL, NULL),
(403, 125, 'Lennie Armstrong PhD', 2, 'Non voluptatem qui omnis eos distinctio placeat sint. Quis facere in magni necessitatibus error accusamus illo.', '2018-06-20 00:19:41', '2018-06-20 00:19:41', NULL, NULL),
(404, 107, 'Petra Wintheiser', 4, 'Optio aut distinctio vitae earum nam laboriosam.', '2018-06-20 00:19:41', '2018-06-20 00:19:41', NULL, NULL),
(405, 101, 'Hyman Hartmann', 0, 'Rerum reprehenderit iste saepe eos. Omnis quos asperiores veritatis beatae voluptas voluptas at.', '2018-06-20 00:19:41', '2018-06-20 00:19:41', NULL, NULL),
(406, 104, 'Karlie Senger', 3, 'Rerum qui temporibus ullam sit. Ex praesentium debitis explicabo non. Repellendus ipsum inventore aspernatur ut. Alias quo doloribus dignissimos ex ea voluptas et. Numquam quod molestiae accusantium voluptatem consequuntur doloribus.', '2018-06-20 00:19:41', '2018-06-20 00:19:41', NULL, NULL),
(407, 199, 'Miss Sister Donnelly V', 4, 'Assumenda sit veniam delectus eligendi autem saepe vel.', '2018-06-20 00:19:41', '2018-06-20 00:19:41', NULL, NULL),
(408, 159, 'Lloyd Murray', 1, 'Nostrum enim eos iusto neque. Accusantium voluptatibus provident nihil sint quia ipsam ratione. Error voluptate autem beatae quia dolor voluptas. Voluptatem animi sint velit enim eligendi soluta non asperiores. Possimus dignissimos fugit consequatur sunt autem. Repudiandae reiciendis aut adipisci mollitia.', '2018-06-20 00:19:41', '2018-06-20 00:19:41', NULL, NULL),
(409, 60, 'Aurelia Marquardt Sr.', 0, 'Et minima et incidunt omnis quia. Dolore qui optio velit et quibusdam. Odit autem labore eligendi harum qui aut cumque. Libero blanditiis odio voluptas iusto nobis aperiam aliquid suscipit. Est blanditiis voluptatibus velit nihil.', '2018-06-20 00:19:41', '2018-06-20 00:19:41', NULL, NULL),
(410, 137, 'Aaron West', 0, 'Nihil et error sequi. Ut reiciendis id sunt. Neque non magnam vel culpa ratione optio vitae. Alias laborum unde voluptatum neque.', '2018-06-20 00:19:41', '2018-06-20 00:19:41', NULL, NULL),
(411, 89, 'Agustina Cassin', 2, 'Libero reprehenderit in natus et rem repellendus. Nihil deserunt magni quas amet.', '2018-06-20 00:19:41', '2018-06-20 00:19:41', NULL, NULL),
(412, 144, 'Jazmyn Rolfson', 5, 'Repellat error reiciendis dolores unde error provident. Aliquid modi voluptates aut enim tempore. Quia est praesentium saepe voluptatem voluptas est. Est nisi maiores neque delectus dicta.', '2018-06-20 00:19:41', '2018-06-20 00:19:41', NULL, NULL),
(413, 137, 'Hillard Waelchi', 4, 'In rerum eligendi voluptate tempora. Reiciendis quas rerum quia vel dolor aut.', '2018-06-20 00:19:41', '2018-06-20 00:19:41', NULL, NULL),
(414, 112, 'Dr. Dallas Parisian I', 2, 'Aliquid rerum vel nulla pariatur aut. Ut possimus ea aut. In reiciendis id earum rerum sapiente. Et voluptate esse aliquid sit nostrum.', '2018-06-20 00:19:41', '2018-06-20 00:19:41', NULL, NULL),
(415, 153, 'Dr. Freda Parisian', 4, 'Doloribus ut repellendus quas laudantium eum ut. Aut aperiam commodi consequatur quia. Dolore est quidem ipsum magni provident nemo illum sit. Rem itaque deserunt aut quo.', '2018-06-20 00:19:42', '2018-06-20 00:19:42', NULL, NULL),
(416, 31, 'Sabryna Stiedemann I', 3, 'Qui est autem vel nisi. Voluptatum veniam repellendus vel. Numquam placeat tempora repudiandae est dolore.', '2018-06-20 00:19:42', '2018-06-20 00:19:42', NULL, NULL),
(417, 103, 'Willa Schroeder', 4, 'Sit repellat voluptates soluta molestiae corrupti ab. Enim sit voluptatem a culpa non id esse. Laudantium perferendis velit deleniti maiores et qui. Veniam eos odio reiciendis harum rerum est atque explicabo.', '2018-06-20 00:19:42', '2018-06-20 00:19:42', NULL, NULL),
(418, 181, 'Prof. Obie Satterfield MD', 5, 'Voluptas consequatur quam quae a quia sed sed.', '2018-06-20 00:19:42', '2018-06-20 00:19:42', NULL, NULL),
(419, 117, 'Janie Turcotte', 0, 'Culpa delectus optio quam et et animi ratione. Et neque sint vitae odit nobis provident. Voluptas sequi soluta consequuntur. Debitis enim veniam dolores dicta blanditiis et consequatur. Incidunt quaerat et quo quasi et.', '2018-06-20 00:19:42', '2018-06-20 00:19:42', NULL, NULL),
(420, 25, 'Mr. Tanner Wintheiser', 3, 'In exercitationem consequuntur eaque facilis asperiores doloremque cupiditate reiciendis. Quia consequuntur molestiae quisquam autem ea omnis. Animi consequatur laboriosam aut vel.', '2018-06-20 00:19:42', '2018-06-20 00:19:42', NULL, NULL),
(421, 128, 'Aurelia Beatty', 5, 'Non temporibus doloribus commodi dignissimos harum. Voluptatem et et ut nisi laudantium rerum et labore.', '2018-06-20 00:19:42', '2018-06-20 00:19:42', NULL, NULL),
(422, 195, 'Dangelo Christiansen', 4, 'Laborum at deleniti sed tempore qui sit. Recusandae culpa temporibus porro quibusdam qui reiciendis non. Qui non error quos dicta non doloremque quaerat. Est laudantium nihil beatae aperiam voluptates enim. Natus qui voluptas est totam ipsam cum. Mollitia debitis assumenda numquam quas.', '2018-06-20 00:19:42', '2018-06-20 00:19:42', NULL, NULL),
(423, 67, 'Alia Osinski III', 2, 'Nihil animi officiis id iure quo velit fugiat. Perferendis maxime quasi consequatur praesentium eum. Voluptatem natus fuga consectetur ipsam tenetur omnis voluptas reiciendis. Cumque numquam qui cupiditate cumque odio. Recusandae hic aut ipsa quos aut eaque ratione. A sint corporis repudiandae eaque atque alias. Hic eius eos omnis temporibus expedita.', '2018-06-20 00:19:42', '2018-06-20 00:19:42', NULL, NULL),
(424, 197, 'Kenyon Howell', 3, 'Beatae veniam aliquid odio saepe et. Ullam in voluptatem debitis qui adipisci corporis ipsum dolorem. Quia quidem quos porro eaque. Veritatis commodi illum dicta earum cum eligendi cupiditate. Odit est architecto dolores.', '2018-06-20 00:19:42', '2018-06-20 00:19:42', NULL, NULL),
(425, 99, 'Ms. Iliana Howe Sr.', 2, 'Atque ab consectetur in ducimus. Sit ut quia eveniet eius quae et porro vel. Architecto aliquam aut placeat enim neque. Recusandae occaecati vel fugit. Rerum reiciendis non quibusdam corrupti non.', '2018-06-20 00:19:42', '2018-06-20 00:19:42', NULL, NULL),
(426, 54, 'Miss Michaela Nikolaus MD', 5, 'Voluptatem nisi vel sint neque labore ipsum. Eos error libero in dolores non animi. Et et nam est sunt reiciendis. Dolores sequi animi occaecati dolor perspiciatis qui sed. Et et qui harum.', '2018-06-20 00:19:42', '2018-06-20 00:19:42', NULL, NULL),
(427, 194, 'Margie Turcotte', 1, 'Iure voluptas totam porro dolore. Porro sint reiciendis et.', '2018-06-20 00:19:42', '2018-06-20 00:19:42', NULL, NULL),
(428, 76, 'Miss Kaylee Collier', 3, 'Cumque in sint eaque ipsum repellendus beatae distinctio. Fuga est sunt repellat enim autem.', '2018-06-20 00:19:42', '2018-06-20 00:19:42', NULL, NULL),
(429, 15, 'Louisa Harris I', 1, 'Sit mollitia voluptate corporis in rerum id reprehenderit. Amet fuga nobis omnis asperiores magni ut tempora. Dicta repellat ullam possimus magnam. Vitae illo distinctio neque quia consequatur cupiditate. Et occaecati soluta voluptas.', '2018-06-20 00:19:42', '2018-06-20 00:19:42', NULL, NULL),
(430, 20, 'Prof. Darwin Schoen Jr.', 2, 'Unde laboriosam et reprehenderit itaque blanditiis temporibus quo. Repellendus fugit consequatur consectetur unde voluptatem rem vero. Facere aut vel sit.', '2018-06-20 00:19:42', '2018-06-20 00:19:42', NULL, NULL),
(431, 47, 'Holly Dickens', 0, 'Illum accusantium sint molestiae veniam sunt sed. Similique consequatur et numquam quaerat.', '2018-06-20 00:19:42', '2018-06-20 00:19:42', NULL, NULL),
(432, 148, 'Jamel Greenholt', 4, 'Aliquam non exercitationem fugiat. Numquam sit saepe voluptatibus quaerat.', '2018-06-20 00:19:43', '2018-06-20 00:19:43', NULL, NULL),
(433, 118, 'Prof. Dock Quitzon', 2, 'Vitae saepe iusto corporis et voluptatem officiis voluptatem. Omnis enim accusamus adipisci non quia.', '2018-06-20 00:19:43', '2018-06-20 00:19:43', NULL, NULL),
(434, 11, 'Dr. Christop Krajcik MD', 2, 'Perferendis asperiores ducimus dolores itaque quaerat omnis illo. Quia modi voluptas suscipit earum et porro autem. Cum nihil dolorem maxime velit harum. Recusandae amet facere nostrum.', '2018-06-20 00:19:43', '2018-06-20 00:19:43', NULL, NULL),
(435, 90, 'Dr. Annette Bruen', 2, 'Aut fuga qui sed similique quae.', '2018-06-20 00:19:43', '2018-06-20 00:19:43', NULL, NULL),
(436, 63, 'Prof. Joshua O\'Conner', 0, 'Sit est eos sapiente iste aliquid aut dolores consequatur. Iure sint id nostrum nihil et. Asperiores vel suscipit est rerum libero deserunt est. Minus id illo saepe. Officiis saepe facere possimus quis voluptatem debitis. Vitae quis reprehenderit facilis ut unde voluptas.', '2018-06-20 00:19:43', '2018-06-20 00:19:43', NULL, NULL),
(437, 15, 'Weldon McLaughlin DDS', 1, 'Est occaecati blanditiis sunt. Accusamus vel iusto ut tempore veritatis dignissimos. Hic neque et sed est. Sint exercitationem ipsa inventore mollitia nulla.', '2018-06-20 00:19:43', '2018-06-20 00:19:43', NULL, NULL),
(438, 175, 'Ms. Ivory Paucek', 0, 'Vel accusamus quis voluptatum accusamus consectetur in. Quaerat unde nesciunt vitae saepe. Ratione impedit hic qui odio. Consequuntur sed est doloremque vitae sed.', '2018-06-20 00:19:43', '2018-06-20 00:19:43', NULL, NULL),
(439, 82, 'Stone Huels', 5, 'Consequatur ea odio dolorum. Voluptas maxime repellendus eos vel. Rem optio velit est consectetur libero adipisci. Aliquid illo id occaecati nisi. Facere quaerat sunt aliquam et dolorem vel iste. Aut molestiae ut delectus numquam et est rerum et.', '2018-06-20 00:19:43', '2018-06-20 00:19:43', NULL, NULL),
(440, 47, 'Otis Morissette', 5, 'In itaque distinctio ratione beatae rem.', '2018-06-20 00:19:43', '2018-06-20 00:19:43', NULL, NULL),
(441, 130, 'Ms. Aubree Upton V', 0, 'Nostrum consequatur delectus magni tempore beatae. Dignissimos dicta ullam rem vel assumenda. Velit voluptatibus quia est temporibus.', '2018-06-20 00:19:43', '2018-06-20 00:19:43', NULL, NULL),
(442, 108, 'Stephanie Dicki', 5, 'Enim repudiandae ut consequuntur ducimus ut praesentium perspiciatis. Facere omnis culpa quos soluta. Aut debitis quia numquam placeat temporibus velit. Qui culpa eius et id. Omnis fuga qui dolorem ut aut. Optio est accusamus ut voluptatem aut.', '2018-06-20 00:19:43', '2018-06-20 00:19:43', NULL, NULL),
(443, 156, 'Maureen Reinger', 1, 'Minima sequi adipisci aut sed delectus aliquam reiciendis corporis. Iste tempore et nostrum nihil autem id qui. Qui dolorem cum officia quisquam repellat. Odit non quas vel minus consectetur et.', '2018-06-20 00:19:43', '2018-06-20 00:19:43', NULL, NULL),
(444, 170, 'Kolby Koch', 1, 'Laborum necessitatibus ducimus sed et sapiente ea. Est porro atque nostrum qui esse quaerat velit.', '2018-06-20 00:19:43', '2018-06-20 00:19:43', NULL, NULL),
(445, 166, 'Dell Wolf', 3, 'Reiciendis enim enim aut. Dolores repudiandae aut sit. Ratione eum ratione cumque animi aut. Magnam harum consectetur mollitia dicta quia laborum. Ut id illo perferendis beatae voluptatem et. Et dicta beatae consequatur corporis corrupti et.', '2018-06-20 00:19:43', '2018-06-20 00:19:43', NULL, NULL),
(446, 68, 'Shanelle Lubowitz Jr.', 5, 'Totam commodi ducimus aliquam omnis ratione ipsam. Laboriosam aut consequatur aut eaque. Quia rem id aperiam corporis ut. Eum sunt et dolores ipsa in neque neque. Ut aperiam qui consequatur praesentium quasi qui est.', '2018-06-20 00:19:43', '2018-06-20 00:19:43', NULL, NULL),
(447, 106, 'Dr. Nikita Wolff III', 3, 'Quasi quisquam repudiandae et ullam adipisci. Ducimus eum earum et et delectus blanditiis et.', '2018-06-20 00:19:43', '2018-06-20 00:19:43', NULL, NULL),
(448, 40, 'Loyce Rolfson', 4, 'Labore veniam eaque eveniet culpa veniam. Vero ipsam est magni inventore. Laborum eum ducimus non aut. Et provident facere magni labore officia architecto. Minus magnam dolorem sit. Qui atque fugiat numquam explicabo fugiat quo eligendi.', '2018-06-20 00:19:43', '2018-06-20 00:19:43', NULL, NULL),
(449, 140, 'Boris Herzog', 3, 'Voluptas repellendus sit soluta blanditiis voluptatem. Tempore ex dolor asperiores sunt ipsa est debitis. Accusamus provident ut et occaecati officiis provident ut consequatur. Voluptatum molestias beatae et voluptas animi sit enim.', '2018-06-20 00:19:44', '2018-06-20 00:19:44', NULL, NULL),
(450, 118, 'Flo Goyette', 0, 'Reiciendis ut nemo aspernatur commodi. Impedit dolores consequatur a reprehenderit recusandae illo.', '2018-06-20 00:19:44', '2018-06-20 00:19:44', NULL, NULL),
(451, 34, 'Prof. Arely Mosciski Sr.', 2, 'Exercitationem quisquam iusto sapiente aliquid.', '2018-06-20 00:19:44', '2018-06-20 00:19:44', NULL, NULL),
(452, 91, 'Avery McCullough', 2, 'Porro consequatur odit omnis voluptatem explicabo. Quod eum eveniet sit assumenda sit dignissimos. Est dolor amet possimus dicta. Eos tenetur enim sapiente reiciendis hic voluptatibus.', '2018-06-20 00:19:44', '2018-06-20 00:19:44', NULL, NULL),
(453, 135, 'Easton Reynolds', 0, 'Quidem corporis quis sit unde nihil consequatur. Commodi doloribus odio harum eligendi. Necessitatibus et nobis temporibus culpa odit fuga. Quam quisquam suscipit in minus aut et maxime.', '2018-06-20 00:19:44', '2018-06-20 00:19:44', NULL, NULL),
(454, 59, 'Mr. Morgan Hackett', 2, 'Vitae nihil itaque quis voluptate. Harum sunt tenetur pariatur occaecati. Occaecati alias qui ut adipisci et quia.', '2018-06-20 00:19:44', '2018-06-20 00:19:44', NULL, NULL),
(455, 126, 'Savanna Hoppe', 1, 'Doloribus dolorem ipsam eius assumenda dolores. Quas velit quis quia possimus enim. Temporibus exercitationem qui qui delectus labore minus esse accusamus. Assumenda ipsa laborum alias commodi. Molestiae et beatae qui.', '2018-06-20 00:19:44', '2018-06-20 00:19:44', NULL, NULL),
(456, 83, 'Emilie Ebert', 5, 'Hic qui neque qui. Sit cum pariatur quasi quibusdam rem officia.', '2018-06-20 00:19:44', '2018-06-20 00:19:44', NULL, NULL),
(457, 140, 'Taurean Cormier', 4, 'Ipsa accusamus facilis nihil quo voluptatibus. Amet sed velit commodi quia.', '2018-06-20 00:19:44', '2018-06-20 00:19:44', NULL, NULL),
(458, 125, 'Bernardo Bergstrom', 2, 'Nesciunt ab non voluptatum totam deserunt. Tempore debitis cum ratione odit quia.', '2018-06-20 00:19:44', '2018-06-20 00:19:44', NULL, NULL),
(459, 27, 'Virgie Kunze', 1, 'Quis qui repellat et soluta minus quia. Non optio in rerum quod. Optio quo eos eveniet beatae repellat. Voluptatem dolores sed saepe rerum et voluptatem magni sunt.', '2018-06-20 00:19:45', '2018-06-20 00:19:45', NULL, NULL),
(460, 157, 'Fleta Hilll Jr.', 0, 'Optio vitae velit molestias quaerat voluptatem voluptatem quisquam. Facere quia qui iusto et.', '2018-06-20 00:19:45', '2018-06-20 00:19:45', NULL, NULL),
(461, 180, 'Haylee Cassin', 2, 'Sunt sunt dolores quibusdam. Dolor consequatur aliquid eaque eius consequatur.', '2018-06-20 00:19:45', '2018-06-20 00:19:45', NULL, NULL),
(462, 182, 'Mr. Newell Goldner DVM', 0, 'Blanditiis aliquid velit sit sit labore. Voluptate et culpa voluptatum sit nesciunt omnis. Voluptatem vitae laudantium officia ut qui molestias.', '2018-06-20 00:19:45', '2018-06-20 00:19:45', NULL, NULL),
(463, 77, 'Velva Witting', 4, 'Repellendus atque autem ut vel. Sapiente voluptatem suscipit quas voluptatem architecto optio ea alias. Autem sed veniam maxime aut. Aliquid et accusantium quae. Nemo aliquam excepturi et quisquam et maxime. Quia voluptatem quis nihil similique nisi nulla.', '2018-06-20 00:19:45', '2018-06-20 00:19:45', NULL, NULL),
(464, 7, 'Greg Hackett', 3, 'Aperiam aut vitae neque cupiditate atque voluptates ea. Perspiciatis ex ducimus eius in. Cupiditate est fuga totam est quasi. Sed veniam et et officia. Explicabo est excepturi aut voluptatem maxime rerum velit.', '2018-06-20 00:19:45', '2018-06-20 00:19:45', NULL, NULL),
(465, 190, 'Ms. Briana Okuneva', 4, 'Velit nesciunt possimus aut. Molestiae eos quis consectetur est deleniti. Tenetur et asperiores officia asperiores. Laudantium natus quia cum perspiciatis.', '2018-06-20 00:19:45', '2018-06-20 00:19:45', NULL, NULL),
(466, 7, 'Clementina Langosh', 2, 'Corrupti rem corporis qui aperiam magnam. Eaque vel pariatur ratione optio. Officiis nihil ut nobis odit ipsum qui vel. Consequatur culpa tenetur consequatur omnis.', '2018-06-20 00:19:45', '2018-06-20 00:19:45', NULL, NULL),
(467, 88, 'Brittany Reichert', 4, 'Rerum rerum ullam optio tempore. Cumque ut dolores cum aut. Quia dolorum est in similique nemo voluptas. Delectus voluptatem omnis ut totam sit dolores unde.', '2018-06-20 00:19:45', '2018-06-20 00:19:45', NULL, NULL),
(468, 120, 'Alexane Goodwin', 3, 'Molestias est similique animi voluptatem rerum rerum corporis. Veniam quam voluptates vel ea. Voluptas error odit sit qui.', '2018-06-20 00:19:45', '2018-06-20 00:19:45', NULL, NULL),
(469, 71, 'Dr. Nasir Olson I', 4, 'Laborum voluptatem cumque voluptates distinctio. In iste vero facilis sit at. In quos nulla expedita ipsum consequuntur.', '2018-06-20 00:19:45', '2018-06-20 00:19:45', NULL, NULL),
(470, 80, 'Ms. Elta Wisozk Sr.', 0, 'Sapiente doloremque perferendis minus modi alias quos. Ut atque possimus et dolorum earum nulla laboriosam.', '2018-06-20 00:19:45', '2018-06-20 00:19:45', NULL, NULL),
(471, 172, 'Devonte Fritsch MD', 2, 'Iusto quas exercitationem consectetur occaecati deleniti.', '2018-06-20 00:19:45', '2018-06-20 00:19:45', NULL, NULL),
(472, 193, 'Dr. Liam Mertz', 0, 'Rerum maiores nesciunt omnis voluptates libero voluptas at et. Quasi dolores pariatur ea consequuntur. Harum veniam libero ad dolores laborum autem magni. Et fugit qui temporibus odio non hic ipsa molestias. Debitis totam dicta quam omnis non nulla.', '2018-06-20 00:19:46', '2018-06-20 00:19:46', NULL, NULL),
(473, 23, 'Makayla Smitham', 1, 'Voluptatem cum enim vel doloremque qui doloremque inventore. Nisi illo tempore ab qui et odit. Quo voluptas nesciunt accusantium fugit. Vel saepe voluptas qui iusto quidem illo.', '2018-06-20 00:19:46', '2018-06-20 00:19:46', NULL, NULL),
(474, 166, 'Harley Ondricka', 5, 'Architecto molestiae error rerum dignissimos qui. Est illum quia deleniti cum error. Pariatur hic sapiente vitae maiores in. Aut quam reprehenderit tenetur dolores adipisci laborum.', '2018-06-20 00:19:46', '2018-06-20 00:19:46', NULL, NULL),
(475, 47, 'Ms. Salma Funk Jr.', 2, 'Illo debitis iste non. Pariatur atque quia officia quam voluptate dolore esse. Omnis voluptas nisi rerum alias quas ut et.', '2018-06-20 00:19:46', '2018-06-20 00:19:46', NULL, NULL),
(476, 24, 'Miss Alaina Morissette', 5, 'Nihil fuga rerum provident omnis neque odit. Odit est illum et quae animi eligendi neque. Laboriosam ut nesciunt sunt dignissimos dolorum. Voluptatem et dolore ex totam. Impedit earum placeat totam asperiores nisi distinctio.', '2018-06-20 00:19:46', '2018-06-20 00:19:46', NULL, NULL),
(477, 181, 'Pattie Bednar', 1, 'Ducimus tempore placeat libero quo accusantium ex. Quas sint vel porro similique non esse. Libero veritatis et autem omnis. Voluptas sint hic soluta tempora quis laudantium id autem.', '2018-06-20 00:19:46', '2018-06-20 00:19:46', NULL, NULL),
(478, 1, 'Mr. Dominic Casper I', 5, 'Similique velit fugiat nulla eos voluptate doloribus provident. Delectus asperiores excepturi a non. Eaque nobis labore vel alias omnis.', '2018-06-20 00:19:46', '2018-06-20 00:19:46', NULL, NULL),
(479, 186, 'Citlalli Thiel', 4, 'Quia ut pariatur blanditiis ullam minima. Modi qui perspiciatis sit ea eaque reprehenderit laborum. Quis aut itaque quae asperiores. Veritatis eos illo et quisquam possimus qui.', '2018-06-20 00:19:47', '2018-06-20 00:19:47', NULL, NULL),
(480, 83, 'Yoshiko Upton', 2, 'Et eos et laudantium et rerum velit. Molestiae natus corrupti velit nostrum nesciunt ut id. Nihil quia minima illo officia et.', '2018-06-20 00:19:47', '2018-06-20 00:19:47', NULL, NULL),
(481, 96, 'Gisselle Pfeffer', 4, 'Aliquid dolores aut praesentium et. Ipsum eveniet ab eligendi corrupti. Sed et temporibus sapiente velit. Facere ut qui quas iusto eveniet quo. Iste ut laborum incidunt vel et quae quo. Culpa similique iusto corporis facilis repellat. Labore velit magnam aut omnis.', '2018-06-20 00:19:47', '2018-06-20 00:19:47', NULL, NULL),
(482, 120, 'Darrell Crona', 0, 'Suscipit pariatur totam voluptatum ea assumenda laboriosam quisquam dolore. Tempora aut deleniti neque sed. Facere qui est quos.', '2018-06-20 00:19:47', '2018-06-20 00:19:47', NULL, NULL),
(483, 14, 'Nicolette Hand', 1, 'Deserunt vel et iusto in et ut. Fuga laboriosam non odit provident. Eos commodi est iste libero hic aut. Voluptatum sunt reiciendis harum dolorum.', '2018-06-20 00:19:47', '2018-06-20 00:19:47', NULL, NULL),
(484, 3, 'Helga Bins', 3, 'Eum aut ut dolore. Quo quam unde saepe non illo optio. Ipsa sint eius laboriosam. Eveniet vero ipsum autem.', '2018-06-20 00:19:47', '2018-06-20 00:19:47', NULL, NULL),
(485, 71, 'Dr. Kenna Schamberger Jr.', 2, 'Ut molestias tempore ab voluptas. Omnis rerum ipsa tempore sequi. Quidem saepe dolorem consequatur officiis. Suscipit impedit ab ut mollitia perferendis non voluptas. Adipisci recusandae voluptatem non quia iure omnis libero quidem. Sed earum nesciunt iste inventore. Laudantium deleniti laborum suscipit suscipit quisquam ipsa rerum perferendis.', '2018-06-20 00:19:47', '2018-06-20 00:19:47', NULL, NULL),
(486, 116, 'Miss Nora Jacobi IV', 3, 'Eius asperiores molestiae qui quo incidunt nam. Voluptatem aspernatur omnis accusantium officia omnis magni qui. Sapiente deleniti error modi et ut assumenda. Dolores eum est provident consequuntur aliquid neque. Ut adipisci atque neque.', '2018-06-20 00:19:47', '2018-06-20 00:19:47', NULL, NULL),
(487, 158, 'Precious Jakubowski', 4, 'Impedit labore magnam ad molestias quia odit et. Aspernatur vero velit ipsam minima nisi.', '2018-06-20 00:19:48', '2018-06-20 00:19:48', NULL, NULL),
(488, 92, 'Kameron Mills', 0, 'Et vero magni consequatur minima ad. Eos nemo maxime et optio molestias quo animi facilis. Eum mollitia omnis non aperiam hic non.', '2018-06-20 00:19:48', '2018-06-20 00:19:48', NULL, NULL),
(489, 78, 'Hugh Hammes', 5, 'Qui dolorum consequatur voluptate voluptatum. Rerum veritatis sint non consequatur et. Dolor autem libero velit. Officiis cumque sint ipsa ut aliquid mollitia. Dolores necessitatibus sapiente ipsam qui exercitationem voluptatem nisi.', '2018-06-20 00:19:48', '2018-06-20 00:19:48', NULL, NULL),
(490, 3, 'Ryley Beahan', 4, 'Facere beatae ad vel quidem ea. Adipisci harum debitis libero vero qui saepe possimus est. Dolorum nesciunt eveniet delectus sit fugiat voluptas odio. Earum ut harum consequatur quo cum doloribus error. Ipsam sunt dolorem enim ut quisquam est. Quod earum porro suscipit asperiores officiis. Ut ratione est qui et voluptatem.', '2018-06-20 00:19:48', '2018-06-20 00:19:48', NULL, NULL),
(491, 125, 'Miss Amelie Daugherty MD', 3, 'Modi quas quia eligendi beatae. Dolore sunt repudiandae animi.', '2018-06-20 00:19:48', '2018-06-20 00:19:48', NULL, NULL),
(492, 3, 'Myrtle Kautzer', 2, 'Eum voluptatibus recusandae quia vel. Minima inventore necessitatibus voluptatibus et quia non.', '2018-06-20 00:19:48', '2018-06-20 00:19:48', NULL, NULL),
(493, 31, 'Madelynn Schamberger', 4, 'Soluta repudiandae qui aut excepturi magnam impedit. Maxime doloremque qui nemo nobis ut repudiandae est. Adipisci earum ut officia magnam nostrum et maiores iusto.', '2018-06-20 00:19:48', '2018-06-20 00:19:48', NULL, NULL),
(494, 110, 'Kaitlin McLaughlin', 1, 'Vel non et ducimus aspernatur sint atque ea eos. Aliquid necessitatibus est et est sit.', '2018-06-20 00:19:48', '2018-06-20 00:19:48', NULL, NULL),
(495, 15, 'Garrett Hermiston', 2, 'Voluptas voluptas ea dignissimos labore dolorem.', '2018-06-20 00:19:48', '2018-06-20 00:19:48', NULL, NULL),
(496, 158, 'Geo Klein', 0, 'Explicabo pariatur quos officia ut ea voluptates et. Est pariatur culpa nesciunt reprehenderit enim.', '2018-06-20 00:19:49', '2018-06-20 00:19:49', NULL, NULL),
(497, 190, 'Maggie Rodriguez', 5, 'Aperiam vel voluptatum in consequatur et laboriosam corporis nihil. Dolore modi distinctio nulla et vel quae. Nobis tempore est iusto.', '2018-06-20 00:19:49', '2018-06-20 00:19:49', NULL, NULL),
(498, 82, 'Dr. Nona Swift MD', 2, 'Temporibus nihil at possimus quisquam. Eveniet sint consequatur iusto consequatur quas fugiat. Enim aspernatur cumque quibusdam molestiae consectetur. Incidunt perspiciatis qui hic rerum dolores est expedita sapiente. Ex sit pariatur veniam et et et velit.', '2018-06-20 00:19:49', '2018-06-20 00:19:49', NULL, NULL),
(499, 58, 'Maynard VonRueden', 1, 'Nam amet laudantium aut facere debitis voluptatibus. Debitis doloribus a quasi et aut sed dolorem. Omnis quos labore quia saepe ea rerum eum eum.', '2018-06-20 00:19:49', '2018-06-20 00:19:49', NULL, NULL),
(500, 58, 'Mr. Louie Leffler DVM', 2, 'Nostrum repudiandae enim natus sapiente illo et. Hic illum laborum et odit et nisi. At alias necessitatibus molestiae consequatur. Blanditiis voluptatem nisi nobis. Rem necessitatibus labore rerum quam vel doloribus dolorem.', '2018-06-20 00:19:49', '2018-06-20 00:19:49', NULL, NULL);

-- --------------------------------------------------------

--
-- Table structure for table `users`
--

CREATE TABLE `users` (
  `id` int(10) UNSIGNED NOT NULL,
  `name` varchar(191) COLLATE utf8mb4_unicode_ci NOT NULL,
  `email` varchar(191) COLLATE utf8mb4_unicode_ci NOT NULL,
  `password` varchar(191) COLLATE utf8mb4_unicode_ci NOT NULL,
  `remember_token` varchar(100) COLLATE utf8mb4_unicode_ci DEFAULT NULL,
  `created_at` timestamp NULL DEFAULT NULL,
  `updated_at` timestamp NULL DEFAULT NULL
) ENGINE=InnoDB DEFAULT CHARSET=utf8mb4 COLLATE=utf8mb4_unicode_ci;

--
-- Dumping data for table `users`
--

INSERT INTO `users` (`id`, `name`, `email`, `password`, `remember_token`, `created_at`, `updated_at`) VALUES
(1, 'Ibrahim', 'ibrahim.konsowa96@gmail.com', '$2y$10$gJ58lQLHLqiEsHZdNNxVEugUk/D7pt/BwycULfy6rudtySzIROw32', '5HuSX7hohkUu5PLtivkkFK8Xq4Dllo9JQExgcdXWGmSTJxNV5tqDM8AXRIge', '2018-06-19 22:23:38', '2018-06-19 22:23:38'),
(2, 'Ibrahim Konsowa', 'hema@hema.com', '$2y$10$i47SG3nt0ePK4xO4WSFpzOnJhOt1jvm4FNDKBPJSATJPujXS.chwG', NULL, '2018-06-20 00:45:48', '2018-06-20 00:45:48');

--
-- Indexes for dumped tables
--

--
-- Indexes for table `apikeys`
--
ALTER TABLE `apikeys`
  ADD PRIMARY KEY (`id`),
  ADD KEY `user_id` (`user_id`);

--
-- Indexes for table `authors`
--
ALTER TABLE `authors`
  ADD PRIMARY KEY (`id`);
ALTER TABLE `authors` ADD FULLTEXT KEY `name` (`name`);

--
-- Indexes for table `books`
--
ALTER TABLE `books`
  ADD PRIMARY KEY (`id`),
  ADD KEY `publisher_id` (`publisher_id`),
  ADD KEY `author_id` (`author_id`),
  ADD KEY `category_id` (`category_id`);
ALTER TABLE `books` ADD FULLTEXT KEY `name` (`name`);

--
-- Indexes for table `categories`
--
ALTER TABLE `categories`
  ADD PRIMARY KEY (`id`);

--
-- Indexes for table `migrations`
--
ALTER TABLE `migrations`
  ADD PRIMARY KEY (`id`);

--
-- Indexes for table `password_resets`
--
ALTER TABLE `password_resets`
  ADD KEY `password_resets_email_index` (`email`);

--
-- Indexes for table `publishers`
--
ALTER TABLE `publishers`
  ADD PRIMARY KEY (`id`);

--
-- Indexes for table `reviews`
--
ALTER TABLE `reviews`
  ADD PRIMARY KEY (`id`),
  ADD KEY `book_id` (`book_id`);

--
-- Indexes for table `users`
--
ALTER TABLE `users`
  ADD PRIMARY KEY (`id`),
  ADD UNIQUE KEY `users_email_unique` (`email`);

--
-- AUTO_INCREMENT for dumped tables
--

--
-- AUTO_INCREMENT for table `apikeys`
--
ALTER TABLE `apikeys`
  MODIFY `id` int(11) NOT NULL AUTO_INCREMENT, AUTO_INCREMENT=3;

--
-- AUTO_INCREMENT for table `authors`
--
ALTER TABLE `authors`
  MODIFY `id` int(11) NOT NULL AUTO_INCREMENT, AUTO_INCREMENT=51;

--
-- AUTO_INCREMENT for table `books`
--
ALTER TABLE `books`
  MODIFY `id` int(11) NOT NULL AUTO_INCREMENT, AUTO_INCREMENT=201;

--
-- AUTO_INCREMENT for table `categories`
--
ALTER TABLE `categories`
  MODIFY `id` int(11) NOT NULL AUTO_INCREMENT, AUTO_INCREMENT=11;

--
-- AUTO_INCREMENT for table `migrations`
--
ALTER TABLE `migrations`
  MODIFY `id` int(10) UNSIGNED NOT NULL AUTO_INCREMENT;

--
-- AUTO_INCREMENT for table `publishers`
--
ALTER TABLE `publishers`
  MODIFY `id` int(11) NOT NULL AUTO_INCREMENT, AUTO_INCREMENT=151;

--
-- AUTO_INCREMENT for table `reviews`
--
ALTER TABLE `reviews`
  MODIFY `id` int(11) NOT NULL AUTO_INCREMENT, AUTO_INCREMENT=501;

--
-- AUTO_INCREMENT for table `users`
--
ALTER TABLE `users`
  MODIFY `id` int(10) UNSIGNED NOT NULL AUTO_INCREMENT, AUTO_INCREMENT=3;

--
-- Constraints for dumped tables
--

--
-- Constraints for table `apikeys`
--
ALTER TABLE `apikeys`
  ADD CONSTRAINT `apikeys_ibfk_1` FOREIGN KEY (`user_id`) REFERENCES `users` (`id`);

--
-- Constraints for table `books`
--
ALTER TABLE `books`
  ADD CONSTRAINT `books_ibfk_1` FOREIGN KEY (`publisher_id`) REFERENCES `publishers` (`id`) ON DELETE CASCADE ON UPDATE CASCADE,
  ADD CONSTRAINT `books_ibfk_2` FOREIGN KEY (`author_id`) REFERENCES `authors` (`id`) ON DELETE CASCADE ON UPDATE CASCADE,
  ADD CONSTRAINT `books_ibfk_3` FOREIGN KEY (`category_id`) REFERENCES `categories` (`id`) ON DELETE CASCADE ON UPDATE CASCADE;

--
-- Constraints for table `reviews`
--
ALTER TABLE `reviews`
  ADD CONSTRAINT `reviews_ibfk_1` FOREIGN KEY (`book_id`) REFERENCES `books` (`id`) ON DELETE CASCADE ON UPDATE CASCADE;
COMMIT;

/*!40101 SET CHARACTER_SET_CLIENT=@OLD_CHARACTER_SET_CLIENT */;
/*!40101 SET CHARACTER_SET_RESULTS=@OLD_CHARACTER_SET_RESULTS */;
/*!40101 SET COLLATION_CONNECTION=@OLD_COLLATION_CONNECTION */;
